year,temp_anomaly
-799712,-8.82
-798639,-8.92
-797551,-8.88
-796493,-8.54
-795458,-8.73
-794499,-8.53
-793606,-8.23
-792758,-7.33
-791926,-6.51
-791129,-5.91
-790381,-5.61
-789668,-5.05
-788987,-4.27
-788332,-3.7
-787685,-3.09
-787069,-2.59
-786492,-2.37
-785935,-1.75
-785348,-0.54
-784756,-0.63
-784155,-1.04
-783520,-1.05
-782880,-1.15
-782223,-1.71
-781578,-1.7
-780906,-2.04
-780230,-1.84
-779569,-2.28
-778913,-2.37
-778259,-2.17
-777599,-2.13
-776923,-2.17
-776251,-2.34
-775586,-2.67
-774911,-2.7
-774209,-2.69
-773492,-2.96
-772753,-3.47
-772007,-3.82
-771289,-4.13
-770603,-4.52
-769957,-4.32
-769299,-3.93
-768609,-3.8
-767881,-3.84
-767122,-4.54
-766349,-5.33
-765608,-6.0
-764930,-6.4
-764288,-6.22
-763678,-5.56
-763066,-5.1
-762449,-4.76
-761811,-4.72
-761133,-5.16
-760437,-5.78
-759742,-6.72
-759072,-7.33
-758467,-7.27
-757888,-7.12
-757332,-6.43
-756807,-6.07
-756315,-5.77
-755808,-5.3
-755270,-5.09
-754693,-5.5
-754110,-6.25
-753525,-7.22
-752936,-7.54
-752350,-7.79
-751766,-7.97
-751189,-8.24
-750611,-8.37
-750040,-8.42
-749478,-8.59
-748928,-8.58
-748372,-8.5
-747816,-8.32
-747253,-8.44
-746692,-8.6
-746141,-8.69
-745570,-8.63
-744997,-8.62
-744425,-8.56
-743832,-8.56
-743221,-8.41
-742595,-8.67
-741984,-8.84
-741375,-8.95
-740757,-8.6
-740136,-8.47
-739515,-8.25
-738917,-8.24
-738344,-8.08
-737828,-7.16
-737327,-6.27
-736849,-5.62
-736344,-5.38
-735859,-4.76
-735404,-4.52
-734887,-4.47
-734405,-4.03
-733905,-3.72
-733386,-3.99
-732893,-4.15
-732377,-3.95
-731853,-3.93
-731291,-3.79
-730652,-4.2
-729996,-4.85
-729381,-5.28
-728759,-5.23
-728100,-5.31
-727419,-5.69
-726712,-5.83
-725998,-6.05
-725263,-5.96
-724585,-6.1
-723852,-5.07
-723032,-5.18
-722283,-5.75
-721528,-7.14
-720584,-8.32
-719693,-8.77
-718814,-7.9
-718051,-7.13
-717197,-6.92
-716428,-6.47
-715675,-6.23
-714910,-5.59
-714212,-5.26
-713529,-5.2
-712858,-4.23
-712142,-4.02
-711460,-3.9
-710793,-4.29
-710137,-4.19
-709486,-4.05
-708856,-4.0
-708228,-4.06
-707641,-3.88
-707061,-4.02
-706486,-3.5
-705920,-3.56
-705362,-3.67
-704830,-3.7
-704320,-3.75
-703820,-3.46
-703337,-3.21
-702875,-3.21
-702434,-3.05
-702006,-2.78
-701579,-2.45
-701164,-2.36
-700769,-2.49
-700389,-2.4
-700002,-2.02
-699614,-1.77
-699227,-2.16
-698834,-2.31
-698454,-2.45
-698077,-2.75
-697715,-2.49
-697367,-2.55
-697024,-2.26
-696684,-1.92
-696349,-1.84
-696020,-1.88
-695687,-1.94
-695360,-1.69
-695042,-1.86
-694723,-2.07
-694401,-1.85
-694080,-1.77
-693763,-1.92
-693442,-1.83
-693122,-1.94
-692811,-2.0
-692489,-2.08
-692179,-1.82
-691880,-1.86
-691564,-1.55
-691238,-1.6
-690921,-2.04
-690589,-2.39
-690260,-2.5
-689938,-2.7
-689612,-2.75
-689269,-2.51
-688930,-2.59
-688590,-3.05
-688243,-3.05
-687886,-3.14
-687536,-3.35
-687186,-3.7
-686836,-3.5
-686485,-3.36
-686120,-3.44
-685758,-3.5
-685392,-3.73
-685015,-3.97
-684639,-4.07
-684261,-4.41
-683873,-4.61
-683481,-4.62
-683075,-4.68
-682660,-4.83
-682248,-5.23
-681842,-5.46
-681421,-5.34
-680962,-5.2
-680483,-5.58
-679985,-6.02
-679499,-6.95
-679037,-7.34
-678592,-7.02
-678172,-6.46
-677771,-5.95
-677319,-5.15
-676830,-4.67
-676317,-5.65
-675838,-6.9
-675380,-7.34
-674921,-6.71
-674414,-5.89
-673899,-5.94
-673343,-6.54
-672772,-7.05
-672182,-7.51
-671570,-7.68
-670958,-7.99
-670340,-8.25
-669756,-8.16
-669152,-7.62
-668559,-7.28
-667902,-7.24
-667179,-8.31
-666398,-8.89
-665596,-8.95
-664772,-9.03
-663937,-9.05
-663125,-8.94
-662339,-8.42
-661563,-7.82
-660703,-8.0
-659793,-8.3
-658915,-8.64
-658020,-8.02
-657143,-8.36
-656305,-7.52
-655470,-7.38
-654600,-6.71
-653661,-6.87
-652657,-7.58
-651638,-7.92
-650639,-7.72
-649603,-7.29
-648606,-7.47
-647572,-7.07
-646481,-7.46
-645378,-7.82
-644272,-7.71
-643169,-7.68
-641957,-7.73
-640639,-8.21
-639312,-8.86
-637998,-8.84
-636714,-8.68
-635360,-8.39
-634006,-8.92
-632726,-8.9
-631362,-8.24
-630014,-8.8
-628695,-8.72
-627536,-8.37
-626540,-7.17
-625647,-5.54
-624850,-4.42
-624123,-3.19
-623366,-2.2
-622612,-2.69
-621846,-2.63
-621104,-2.84
-620392,-2.52
-619694,-2.59
-619000,-1.95
-618328,-1.96
-617626,-2.38
-616954,-2.29
-616255,-1.79
-615583,-2.28
-614945,-1.94
-614323,-1.46
-613722,-1.28
-613110,-0.97
-612516,-1.3
-611928,-1.04
-611360,-1.35
-610767,-1.04
-610180,-1.46
-609591,-1.43
-609035,-1.47
-608475,-1.26
-607904,-1.09
-607319,-1.37
-606724,-1.74
-606129,-2.01
-605524,-2.35
-604869,-2.94
-604211,-3.21
-603557,-3.47
-602884,-3.51
-602200,-3.92
-601524,-4.22
-600838,-4.19
-600174,-4.33
-599537,-4.23
-598841,-5.18
-598146,-4.99
-597450,-5.35
-596717,-5.54
-595942,-6.42
-595240,-6.7
-594596,-6.31
-594009,-5.44
-593451,-4.42
-592871,-3.89
-592306,-4.32
-591716,-4.63
-591133,-5.09
-590524,-5.3
-589912,-5.68
-589351,-5.92
-588866,-4.99
-588387,-3.47
-587880,-3.48
-587364,-4.05
-586828,-4.62
-586255,-5.18
-585670,-6.11
-585084,-6.73
-584571,-6.52
-584040,-5.49
-583535,-6.1
-583034,-5.75
-582496,-5.9
-581978,-6.89
-581499,-7.03
-581049,-6.31
-580642,-5.72
-580263,-4.81
-579896,-4.23
-579557,-4.1
-579243,-3.45
-578928,-2.81
-578648,-3.04
-578385,-2.31
-578134,-1.46
-577886,-1.07
-577642,-1.16
-577402,-1.06
-577164,-1.1
-576933,-1.08
-576695,-0.92
-576452,-1.36
-576216,-1.71
-575982,-1.83
-575734,-1.95
-575497,-2.27
-575264,-1.87
-575031,-1.83
-574799,-1.95
-574573,-2.11
-574347,-1.73
-574126,-1.73
-573911,-1.62
-573704,-1.42
-573502,-1.14
-573294,-0.99
-573090,-1.37
-572887,-1.22
-572681,-1.23
-572478,-1.41
-572267,-1.31
-572066,-1.76
-571864,-1.29
-571658,-1.35
-571442,-1.63
-571243,-2.15
-571041,-1.32
-570840,-1.53
-570633,-1.43
-570428,-1.86
-570228,-1.79
-570027,-1.51
-569830,-1.69
-569635,-1.44
-569440,-1.38
-569244,-1.45
-569051,-1.49
-568857,-1.42
-568662,-1.48
-568469,-1.61
-568278,-1.5
-568084,-1.48
-567895,-1.64
-567706,-1.42
-567524,-1.47
-567335,-1.09
-567143,-1.49
-566955,-1.77
-566766,-1.51
-566582,-1.59
-566396,-1.38
-566211,-1.54
-566019,-1.44
-565831,-1.93
-565652,-1.68
-565470,-1.22
-565281,-1.42
-565097,-1.87
-564907,-1.44
-564721,-2.02
-564534,-1.8
-564348,-1.89
-564164,-1.84
-563983,-1.82
-563795,-1.63
-563604,-2.08
-563415,-2.27
-563229,-2.21
-563044,-2.07
-562865,-2.05
-562677,-2.58
-562482,-2.21
-562288,-2.49
-562089,-2.59
-561891,-2.87
-561686,-2.81
-561483,-3.22
-561275,-3.06
-561065,-3.33
-560849,-3.4
-560632,-3.66
-560407,-3.7
-560180,-4.0
-559939,-4.07
-559699,-4.64
-559454,-4.49
-559199,-4.65
-558940,-5.0
-558675,-5.21
-558402,-5.43
-558127,-5.48
-557828,-5.75
-557511,-6.48
-557183,-6.77
-556873,-6.86
-556564,-6.15
-556264,-5.66
-555961,-5.49
-555666,-5.38
-555358,-4.95
-555063,-5.07
-554769,-4.41
-554461,-4.21
-554176,-4.67
-553894,-3.25
-553613,-3.09
-553315,-3.35
-552998,-4.04
-552654,-4.52
-552300,-4.68
-551924,-5.07
-551531,-5.42
-551097,-6.23
-550657,-6.29
-550179,-6.94
-549723,-6.48
-549258,-6.28
-548811,-5.58
-548372,-5.35
-547905,-6.14
-547398,-6.81
-546868,-7.2
-546330,-7.17
-545796,-6.82
-545252,-7.17
-544654,-7.91
-544035,-8.14
-543417,-8.12
-542808,-8.13
-542199,-7.64
-541604,-7.35
-541014,-7.24
-540431,-7.1
-539838,-7.28
-539238,-7.43
-538639,-7.55
-538041,-7.46
-537441,-7.56
-536834,-7.77
-536244,-7.53
-535702,-6.47
-535163,-6.76
-534625,-6.82
-534094,-6.76
-533558,-6.99
-533044,-6.64
-532509,-7.2
-531976,-7.24
-531425,-7.71
-530891,-7.48
-530352,-7.71
-529845,-7.12
-529334,-7.33
-528854,-6.75
-528407,-6.07
-527989,-5.43
-527584,-5.18
-527207,-4.5
-526833,-4.44
-526472,-4.14
-526106,-4.31
-525733,-4.58
-525349,-4.9
-524985,-4.42
-524609,-4.82
-524234,-4.86
-523858,-4.93
-523502,-4.64
-523149,-4.35
-522778,-4.84
-522425,-4.29
-522072,-4.51
-521725,-4.3
-521371,-4.61
-521019,-4.55
-520660,-4.84
-520340,-3.58
-520028,-3.4
-519714,-3.47
-519403,-3.4
-519077,-3.94
-518776,-3.12
-518466,-3.45
-518161,-3.75
-517854,-3.41
-517545,-3.48
-517243,-3.23
-516935,-3.45
-516628,-3.47
-516317,-3.59
-516010,-3.46
-515687,-4.01
-515379,-3.51
-515048,-4.28
-514716,-4.31
-514379,-4.48
-514056,-4.01
-513731,-4.08
-513393,-4.46
-513039,-4.98
-512683,-5.0
-512332,-4.84
-511983,-4.77
-511613,-5.38
-511235,-5.62
-510859,-5.49
-510482,-5.53
-510099,-5.63
-509708,-5.86
-509317,-5.83
-508926,-5.76
-508537,-5.67
-508150,-5.55
-507754,-5.78
-507358,-5.73
-506952,-5.94
-506543,-6.0
-506170,-4.9
-505808,-4.55
-505446,-4.52
-505077,-4.63
-504704,-4.7
-504321,-4.91
-503925,-5.21
-503524,-5.32
-503130,-5.04
-502758,-4.4
-502396,-4.0
-502018,-4.46
-501646,-4.21
-501267,-4.37
-500882,-4.45
-500496,-4.43
-500117,-4.16
-499713,-4.81
-499319,-4.45
-498925,-4.41
-498532,-4.31
-498140,-4.25
-497744,-4.3
-497366,-3.72
-496984,-3.77
-496595,-3.93
-496207,-3.83
-495812,-3.97
-495426,-3.66
-495028,-3.97
-494634,-3.78
-494240,-3.74
-493850,-3.58
-493451,-3.79
-493051,-3.78
-492650,-3.78
-492258,-3.75
-491852,-3.93
-491466,-3.23
-491072,-3.5
-490678,-3.42
-490284,-3.42
-489895,-3.25
-489506,-3.25
-489126,-3.03
-488751,-2.81
-488388,-2.44
-488028,-2.31
-487670,-2.25
-487306,-2.39
-486939,-2.51
-486605,-1.36
-486235,-2.57
-485867,-2.4
-485494,-2.56
-485112,-2.75
-484729,-2.76
-484329,-3.22
-483920,-3.42
-483512,-3.39
-483101,-3.44
-482685,-3.54
-482275,-3.36
-481848,-3.76
-481421,-3.74
-480978,-4.15
-480539,-3.97
-480085,-4.34
-479621,-4.53
-479131,-4.94
-478655,-4.76
-478169,-4.95
-477673,-5.15
-477149,-5.73
-476612,-5.98
-476112,-5.19
-475636,-4.64
-475188,-3.95
-474729,-4.19
-474250,-4.61
-473746,-5.09
-473210,-5.75
-472626,-6.89
-472020,-7.01
-471459,-6.17
-470930,-5.5
-470442,-4.62
-469984,-4.0
-469485,-4.83
-468966,-5.18
-468387,-6.3
-467756,-7.26
-467165,-6.47
-466511,-7.58
-465790,-8.64
-465108,-8.03
-464417,-8.17
-463707,-8.5
-463001,-8.44
-462307,-8.08
-461670,-7.65
-461020,-7.63
-460400,-7.15
-459763,-7.45
-459081,-8.24
-458394,-8.34
-457702,-8.47
-456992,-8.8
-456266,-8.83
-455569,-8.7
-454863,-8.92
-454206,-8.21
-453600,-7.39
-453019,-7.01
-452450,-6.81
-451866,-6.34
-451279,-7.24
-450663,-7.89
-450092,-7.07
-449542,-6.7
-448931,-7.92
-448338,-7.65
-447769,-7.26
-447201,-7.28
-446623,-7.58
-446097,-6.56
-445586,-6.32
-445084,-6.15
-444521,-7.48
-443950,-7.65
-443392,-7.45
-442835,-7.45
-442266,-7.77
-441732,-7.15
-441170,-7.91
-440585,-8.42
-440004,-8.33
-439438,-8.73
-438848,-9.07
-438256,-9.04
-437675,-9.15
-437089,-9.19
-436473,-8.8
-435877,-9.6
-435317,-9.25
-434776,-9.63
-434191,-8.91
-433642,-8.03
-433073,-8.49
-432522,-8.17
-432019,-8.58
-431475,-8.12
-430920,-8.39
-430376,-8.19
-429817,-8.19
-429276,-8.19
-428743,-8.1
-428237,-7.58
-427768,-6.79
-427309,-6.61
-426918,-6.05
-426494,-5.83
-426115,-4.63
-425734,-4.7
-425393,-3.95
-425070,-2.93
-424765,-2.29
-424440,-2.67
-424140,-2.13
-423863,-1.85
-423587,-1.9
-423327,-0.99
-423077,-0.29
-422834,0.09
-422586,-0.24
-422313,-1.29
-422013,-2.34
-421719,-2.1
-421409,-2.59
-421106,-2.21
-420818,-1.51
-420525,-1.55
-420221,-1.87
-419921,-1.72
-419632,-1.43
-419340,-1.37
-419063,-0.75
-418791,-0.59
-418524,-0.29
-418253,-0.48
-417979,-0.62
-417716,-0.09
-417448,-0.35
-417183,-0.24
-416939,-0.32
-416674,-0.28
-416414,0.01
-416156,0.08
-415910,0.61
-415658,0.32
-415408,0.38
-415168,0.83
-414924,0.67
-414674,0.33
-414430,0.63
-414175,0.1
-413925,0.31
-413676,0.31
-413434,0.61
-413182,0.12
-412932,0.17
-412689,0.43
-412442,0.26
-412189,-0.08
-411952,0.57
-411719,0.68
-411482,0.23
-411248,0.48
-411027,0.66
-410789,0.08
-410557,0.43
-410327,0.49
-410096,0.44
-409867,0.72
-409655,0.95
-409452,1.64
-409244,1.37
-409036,1.47
-408828,1.72
-408627,1.47
-408424,1.72
-408224,1.58
-408030,1.57
-407831,1.73
-407638,1.8
-407452,2.13
-407267,1.73
-407078,2.21
-406899,2.09
-406719,1.83
-406533,1.77
-406342,1.99
-406155,2.17
-405972,2.67
-405796,2.45
-405617,2.06
-405434,2.9
-405265,2.19
-405081,2.9
-404910,3.15
-404740,2.27
-404558,2.44
-404380,1.79
-404192,2.22
-404012,2.71
-403840,2.65
-403667,2.49
-403491,2.41
-403314,1.56
-403130,2.22
-402950,1.78
-402764,1.88
-402579,2.1
-402398,2.41
-402221,1.64
-402034,1.9
-401853,2.2
-401674,2.01
-401494,2.27
-401317,2.12
-401138,2.62
-400967,2.2
-400791,2.14
-400613,1.79
-400430,1.49
-400242,2.18
-400065,1.58
-399880,1.57
-399694,1.63
-399510,1.62
-399326,1.78
-399144,0.98
-398951,0.83
-398754,1.15
-398564,1.6
-398382,1.16
-398193,0.7
-397996,0.51
-397796,0.39
-397593,0.31
-397390,-0.07
-397181,0.64
-396985,0.36
-396785,0.47
-396587,-0.57
-396369,-0.94
-396145,-0.22
-395935,-0.2
-395727,0.29
-395527,-0.28
-395317,-0.25
-395108,-0.45
-394896,-0.4
-394685,-0.93
-394463,-0.95
-394242,-1.23
-394015,-1.31
-393787,-1.71
-393551,-0.98
-393331,-1.12
-393107,-2.1
-392865,-2.3
-392618,-2.0
-392378,-2.43
-392129,-2.37
-391882,-2.61
-391630,-2.78
-391375,-3.32
-391107,-3.33
-390840,-3.67
-390565,-4.03
-390281,-4.26
-389992,-4.65
-389694,-4.7
-389395,-4.96
-389090,-4.73
-388793,-4.68
-388498,-5.35
-388185,-5.98
-387855,-5.8
-387531,-6.48
-387187,-6.7
-386838,-5.86
-386517,-5.99
-386194,-5.37
-385889,-5.35
-385587,-4.74
-385303,-4.56
-385027,-3.88
-384766,-2.67
-384519,-3.29
-384257,-4.32
-383993,-4.31
-383723,-4.93
-383439,-4.88
-383157,-4.36
-382889,-5.18
-382599,-5.37
-382306,-5.63
-382006,-6.06
-381695,-5.87
-381392,-5.97
-381086,-5.09
-380804,-5.24
-380518,-5.15
-380228,-4.52
-379962,-3.76
-379694,-4.6
-379430,-4.42
-379168,-4.92
-378896,-5.02
-378621,-5.28
-378341,-4.97
-378069,-4.91
-377798,-5.44
-377515,-5.76
-377224,-5.81
-376933,-5.93
-376638,-6.35
-376333,-6.85
-376015,-6.2
-375720,-6.5
-375414,-6.46
-375112,-6.67
-374803,-6.46
-374500,-7.01
-374182,-7.22
-373859,-7.26
-373536,-7.45
-373208,-7.66
-372875,-7.78
-372539,-7.94
-372201,-6.86
-371895,-6.49
-371601,-6.16
-371316,-5.9
-371039,-5.42
-370775,-4.96
-370522,-5.7
-370252,-6.11
-369971,-6.44
-369683,-6.39
-369395,-6.46
-369107,-6.49
-368818,-6.17
-368538,-7.06
-368234,-7.04
-367931,-6.77
-367636,-7.36
-367325,-7.4
-367013,-7.82
-366690,-8.29
-366353,-7.64
-366043,-7.38
-365738,-6.73
-365438,-7.18
-365134,-7.5
-364824,-7.8
-364506,-7.46
-364197,-7.55
-363886,-7.58
-363576,-7.23
-363274,-7.36
-362969,-8.19
-362642,-8.14
-362314,-7.46
-362008,-7.2
-361710,-7.55
-361404,-7.11
-361110,-6.07
-360816,-7.07
-360523,-8.26
-360200,-7.61
-359885,-7.4
-359584,-7.89
-359273,-8.39
-358942,-7.69
-358635,-8.74
-358298,-7.84
-357981,-8.6
-357649,-7.84
-357331,-8.7
-356997,-8.52
-356664,-8.41
-356332,-8.8
-355985,-8.99
-355648,-8.94
-355309,-8.7
-354977,-8.78
-354644,-8.57
-354318,-8.52
-353994,-8.87
-353659,-8.87
-353324,-9.0
-352985,-8.79
-352650,-8.58
-352322,-8.15
-352008,-7.55
-351720,-7.94
-351429,-7.4
-351140,-7.59
-350844,-7.63
-350544,-7.97
-350245,-7.86
-349945,-7.72
-349650,-7.87
-349350,-7.89
-349050,-7.83
-348752,-7.61
-348460,-8.1
-348156,-7.36
-347871,-7.28
-347590,-7.2
-347310,-7.73
-347019,-6.52
-346757,-8.0
-346458,-8.61
-346140,-8.74
-345819,-8.14
-345516,-7.44
-345231,-8.49
-344918,-8.46
-344607,-8.01
-344307,-8.88
-343984,-8.43
-343673,-8.29
-343367,-8.69
-343051,-8.53
-342738,-8.84
-342418,-8.85
-342091,-8.62
-341778,-9.03
-341454,-8.33
-341148,-9.14
-340811,-8.98
-340498,-9.66
-340153,-9.22
-339824,-8.99
-339504,-9.56
-339171,-9.18
-338848,-8.39
-338550,-7.71
-338270,-7.1
-337999,-6.96
-337740,-6.55
-337485,-6.21
-337240,-5.95
-337003,-5.5
-336774,-5.68
-336542,-5.07
-336324,-4.6
-336114,-4.12
-335914,-3.98
-335717,-3.5
-335528,-3.16
-335346,-3.17
-335167,-2.78
-334987,-2.94
-334812,-2.65
-334641,-2.17
-334476,-2.14
-334310,-1.92
-334148,-1.48
-333997,-0.95
-333848,-0.66
-333705,-0.62
-333564,-0.07
-333426,0.8
-333300,0.53
-333170,1.15
-333050,1.36
-332930,1.61
-332813,1.6
-332692,2.04
-332578,2.81
-332472,2.87
-332366,2.69
-332257,3.09
-332153,2.9
-332050,3.62
-331952,3.7
-331853,3.01
-331747,2.9
-331640,3.35
-331535,3.23
-331429,3.34
-331327,3.75
-331229,3.48
-331129,3.19
-331026,3.19
-330922,2.54
-330812,2.53
-330703,3.27
-330599,2.77
-330492,2.32
-330380,2.01
-330267,1.83
-330147,1.79
-330029,0.88
-329899,1.02
-329775,1.03
-329649,0.26
-329511,0.05
-329372,-0.12
-329229,-0.1
-329086,-0.34
-328940,0.35
-328803,0.32
-328666,0.71
-328532,0.15
-328393,0.97
-328263,0.96
-328133,0.92
-328002,0.77
-327870,0.47
-327734,0.49
-327601,0.78
-327465,0.1
-327325,0.79
-327191,0.2
-327051,0.41
-326914,1.0
-326783,1.11
-326654,1.36
-326527,1.36
-326401,0.66
-326267,0.8
-326133,0.7
-325999,0.79
-325868,0.57
-325735,1.19
-325610,1.04
-325482,0.41
-325348,0.46
-325211,0.39
-325075,0.7
-324937,0.16
-324800,0.43
-324667,0.61
-324530,0.57
-324391,0.31
-324253,0.57
-324117,0.56
-323988,1.31
-323852,0.72
-323718,0.85
-323579,0.44
-323435,-0.55
-323292,0.19
-323146,-0.08
-322998,-0.24
-322850,-0.16
-322698,-0.56
-322550,-0.23
-322406,0.08
-322262,0.13
-322113,-0.34
-321957,-0.84
-321805,-0.43
-321642,-1.4
-321487,-0.76
-321329,-0.93
-321169,-1.13
-321008,-1.21
-320837,-1.88
-320671,-1.52
-320508,-1.35
-320337,-1.92
-320165,-1.93
-319989,-2.24
-319810,-2.44
-319631,-2.37
-319446,-2.9
-319272,-2.08
-319083,-3.08
-318896,-2.98
-318707,-3.14
-318512,-3.39
-318304,-4.24
-318103,-3.81
-317898,-4.03
-317687,-4.41
-317476,-4.45
-317266,-4.37
-317056,-4.41
-316844,-4.57
-316618,-5.3
-316409,-4.41
-316206,-4.22
-316014,-3.6
-315827,-3.29
-315636,-3.65
-315448,-3.44
-315259,-3.57
-315075,-3.2
-314894,-3.12
-314716,-2.95
-314538,-2.99
-314367,-2.69
-314216,-1.27
-314061,-1.61
-313899,-2.05
-313729,-2.6
-313562,-2.28
-313372,-3.84
-313186,-3.62
-313018,-2.5
-312846,-2.84
-312666,-3.23
-312480,-3.67
-312302,-3.22
-312120,-3.46
-311933,-3.8
-311760,-2.85
-311573,-3.9
-311392,-3.43
-311196,-4.4
-311006,-4.03
-310815,-4.05
-310608,-5.11
-310406,-4.76
-310210,-4.43
-310004,-5.11
-309805,-4.92
-309592,-5.33
-309387,-5.51
-309183,-5.41
-308981,-5.19
-308775,-5.21
-308556,-5.97
-308347,-5.4
-308132,-5.77
-307923,-5.44
-307699,-6.36
-307484,-5.84
-307273,-5.7
-307067,-5.33
-306855,-5.76
-306638,-6.12
-306432,-5.53
-306217,-6.02
-305995,-6.38
-305770,-6.56
-305541,-6.79
-305319,-6.99
-305081,-7.59
-304857,-6.66
-304654,-5.8
-304460,-5.06
-304261,-5.47
-304064,-5.28
-303867,-5.42
-303683,-4.57
-303506,-4.25
-303334,-3.95
-303150,-4.67
-302956,-5.27
-302766,-4.85
-302574,-5.2
-302379,-5.39
-302198,-5.1
-302004,-5.42
-301813,-4.73
-301612,-5.82
-301419,-5.25
-301220,-5.68
-301013,-6.12
-300801,-6.39
-300592,-6.23
-300389,-5.94
-300166,-7.01
-299941,-7.07
-299718,-7.06
-299501,-7.69
-299277,-7.14
-299065,-6.57
-298858,-6.31
-298659,-5.93
-298474,-4.91
-298282,-5.57
-298085,-5.87
-297886,-5.99
-297676,-6.57
-297465,-6.63
-297259,-6.37
-297051,-6.54
-296840,-6.68
-296626,-7.24
-296406,-7.15
-296178,-7.6
-295946,-7.81
-295745,-7.35
-295530,-8.03
-295308,-7.38
-295090,-7.05
-294881,-6.95
-294680,-6.37
-294486,-5.87
-294299,-5.66
-294122,-4.93
-293926,-6.17
-293720,-6.68
-293504,-7.2
-293293,-7.22
-293068,-7.62
-292842,-8.07
-292618,-7.63
-292396,-7.53
-292196,-6.4
-291983,-7.14
-291761,-7.58
-291536,-7.76
-291331,-7.27
-291123,-6.98
-290929,-6.14
-290730,-6.41
-290535,-6.29
-290333,-6.7
-290140,-6.17
-289956,-5.72
-289777,-5.41
-289591,-6.43
-289408,-5.73
-289231,-5.31
-289068,-5.12
-288907,-4.97
-288748,-4.4
-288584,-4.57
-288424,-4.33
-288270,-3.84
-288117,-3.83
-287968,-4.07
-287812,-4.31
-287649,-4.99
-287482,-4.97
-287314,-5.01
-287152,-5.21
-286978,-5.06
-286817,-4.77
-286646,-5.15
-286476,-4.79
-286317,-5.0
-286161,-4.69
-285998,-4.57
-285831,-5.02
-285663,-4.9
-285494,-4.99
-285318,-5.35
-285144,-5.56
-284977,-4.9
-284800,-5.61
-284630,-5.27
-284463,-5.0
-284291,-5.24
-284120,-5.17
-283940,-5.77
-283763,-5.35
-283585,-5.55
-283411,-5.28
-283218,-6.61
-283039,-5.71
-282859,-5.71
-282678,-5.83
-282500,-5.66
-282321,-5.69
-282138,-5.97
-281952,-6.21
-281773,-5.67
-281593,-5.85
-281410,-5.98
-281228,-5.95
-281040,-6.31
-280854,-6.18
-280662,-6.55
-280473,-6.39
-280278,-6.74
-280083,-6.73
-279891,-6.89
-279683,-7.38
-279469,-7.82
-279272,-7.19
-279082,-6.75
-278881,-7.12
-278689,-6.62
-278517,-5.57
-278328,-6.53
-278133,-6.81
-277928,-7.33
-277710,-8.04
-277490,-8.12
-277262,-8.57
-277043,-8.05
-276828,-7.89
-276585,-9.3
-276360,-8.41
-276139,-8.26
-275929,-7.75
-275718,-7.76
-275498,-8.22
-275255,-9.38
-275021,-8.95
-274798,-8.38
-274564,-8.99
-274339,-8.58
-274123,-8.16
-273911,-7.89
-273694,-8.28
-273460,-9.02
-273229,-8.95
-273005,-8.58
-272774,-8.97
-272551,-8.56
-272318,-9.05
-272085,-9.11
-271853,-9.05
-271619,-9.17
-271388,-8.98
-271152,-9.31
-270916,-9.32
-270685,-9.06
-270447,-9.38
-270214,-9.23
-269978,-9.34
-269743,-9.36
-269513,-9.09
-269282,-9.16
-269044,-9.55
-268818,-8.98
-268603,-8.41
-268387,-8.54
-268157,-9.25
-267941,-8.51
-267713,-9.13
-267489,-8.95
-267272,-8.65
-267050,-8.88
-266835,-8.55
-266621,-8.54
-266409,-8.45
-266197,-8.49
-265989,-8.28
-265768,-8.92
-265550,-8.77
-265335,-8.68
-265127,-8.21
-264930,-7.34
-264725,-7.9
-264509,-8.15
-264290,-8.29
-264086,-7.81
-263884,-7.76
-263693,-7.54
-263507,-7.24
-263316,-7.52
-263127,-7.45
-262939,-7.39
-262762,-6.72
-262581,-6.98
-262395,-7.31
-262218,-6.83
-262044,-6.54
-261867,-6.9
-261699,-6.17
-261533,-6.16
-261365,-6.2
-261184,-7.04
-260989,-7.91
-260808,-7.0
-260615,-7.86
-260426,-7.53
-260240,-7.41
-260045,-7.87
-259842,-8.35
-259647,-7.95
-259461,-7.46
-259281,-7.01
-259099,-7.29
-258924,-6.68
-258729,-8.06
-258533,-7.96
-258331,-8.42
-258135,-7.99
-257948,-7.35
-257766,-7.27
-257582,-7.36
-257381,-8.38
-257195,-7.51
-257015,-7.2
-256831,-7.43
-256660,-6.7
-256498,-6.02
-256328,-6.59
-256155,-6.82
-255976,-7.17
-255800,-6.98
-255618,-7.29
-255425,-8.13
-255249,-6.93
-255070,-7.16
-254883,-7.68
-254708,-6.99
-254530,-7.12
-254348,-7.69
-254160,-7.71
-253967,-7.99
-253769,-8.92
-253581,-7.72
-253391,-7.88
-253202,-7.85
-253019,-7.47
-252831,-7.77
-252636,-8.2
-252445,-7.99
-252267,-7.17
-252085,-7.48
-251902,-7.55
-251715,-7.68
-251518,-8.38
-251319,-8.48
-251129,-7.89
-250933,-8.33
-250749,-7.6
-250553,-8.33
-250360,-8.12
-250165,-8.28
-249965,-8.57
-249769,-8.29
-249584,-7.54
-249408,-7.23
-249232,-7.45
-249052,-7.46
-248872,-7.49
-248687,-7.8
-248506,-7.76
-248328,-7.29
-248142,-7.93
-247965,-7.32
-247786,-7.43
-247616,-6.91
-247446,-6.95
-247285,-6.32
-247125,-6.26
-246961,-6.65
-246805,-5.97
-246652,-5.85
-246493,-6.29
-246343,-5.6
-246192,-5.66
-246042,-5.67
-245882,-6.58
-245727,-5.99
-245572,-5.52
-245416,-6.01
-245248,-7.22
-245081,-6.8
-244912,-6.94
-244738,-7.56
-244578,-6.4
-244425,-5.92
-244275,-5.68
-244132,-5.22
-243998,-4.42
-243858,-5.07
-243727,-4.22
-243602,-3.77
-243470,-4.49
-243348,-3.43
-243227,-3.45
-243109,-3.21
-242994,-2.83
-242878,-3.05
-242768,-2.42
-242659,-2.41
-242555,-1.83
-242448,-2.13
-242339,-2.32
-242237,-1.66
-242139,-1.25
-242049,-0.36
-241959,-0.21
-241871,-0.12
-241785,0.21
-241703,0.87
-241624,1.19
-241545,0.99
-241464,1.01
-241383,0.36
-241300,0.63
-241219,0.74
-241140,1.14
-241064,1.57
-240990,1.81
-240917,2.2
-240839,1.08
-240765,1.89
-240692,1.91
-240618,1.84
-240546,2.06
-240475,2.42
-240405,2.31
-240336,2.71
-240264,2.21
-240191,1.96
-240122,2.73
-240049,1.98
-239978,2.2
-239908,2.56
-239837,2.46
-239761,1.72
-239678,0.51
-239597,1.17
-239511,0.09
-239428,1.03
-239343,0.38
-239257,0.38
-239170,0.29
-239081,-0.01
-238987,-0.56
-238894,-0.52
-238802,-0.26
-238705,-0.81
-238605,-1.22
-238507,-1.06
-238410,-0.72
-238312,-1.0
-238213,-0.99
-238111,-1.59
-238011,-1.12
-237916,-0.57
-237819,-1.87
-237713,-2.26
-237603,-2.62
-237489,-2.39
-237378,-1.41
-237275,-2.38
-237161,-2.41
-237050,-1.65
-236946,-1.78
-236839,-1.58
-236735,-2.5
-236624,-1.86
-236513,-2.33
-236402,-2.09
-236285,-2.91
-236172,-2.45
-236063,-2.01
-235954,-1.99
-235840,-2.59
-235723,-2.74
-235606,-2.89
-235495,-2.13
-235382,-2.43
-235267,-2.39
-235148,-3.07
-235031,-2.8
-234918,-2.41
-234802,-2.83
-234692,-2.11
-234575,-2.85
-234459,-2.61
-234340,-3.13
-234228,-2.08
-234111,-2.73
-233990,-3.31
-233864,-3.6
-233735,-3.95
-233613,-3.25
-233489,-3.51
-233366,-3.43
-233243,-3.42
-233115,-3.88
-232992,-3.4
-232855,-4.61
-232718,-4.53
-232578,-4.89
-232438,-4.85
-232297,-4.92
-232159,-4.79
-232021,-4.66
-231881,-4.94
-231741,-5.1
-231601,-4.76
-231451,-5.81
-231301,-5.65
-231147,-6.03
-230995,-5.78
-230841,-6.09
-230686,-6.07
-230533,-6.01
-230378,-6.16
-230232,-5.48
-230076,-5.97
-229924,-6.0
-229764,-6.54
-229602,-6.67
-229438,-6.87
-229270,-7.1
-229097,-7.46
-228922,-7.32
-228748,-7.59
-228572,-7.72
-228397,-7.69
-228239,-6.53
-228082,-6.51
-227922,-6.92
-227786,-4.89
-227635,-6.27
-227488,-5.87
-227322,-7.23
-227152,-7.51
-226973,-8.12
-226793,-8.15
-226610,-8.33
-226430,-8.18
-226249,-8.31
-226076,-7.83
-225912,-7.21
-225742,-7.77
-225576,-7.57
-225413,-7.36
-225261,-6.43
-225110,-6.48
-224968,-5.78
-224824,-6.24
-224678,-6.53
-224539,-5.75
-224392,-6.13
-224265,-4.55
-224135,-5.19
-223994,-6.02
-223849,-6.36
-223699,-6.64
-223549,-6.52
-223381,-7.96
-223215,-7.76
-223053,-7.46
-222888,-8.01
-222719,-7.98
-222551,-8.07
-222375,-8.56
-222205,-8.08
-222027,-8.65
-221854,-8.57
-221677,-8.69
-221510,-7.99
-221337,-8.7
-221169,-8.15
-220997,-8.72
-220827,-8.07
-220659,-8.16
-220491,-8.2
-220326,-8.08
-220163,-7.57
-220013,-7.01
-219859,-7.38
-219689,-8.16
-219519,-8.77
-219369,-7.03
-219216,-7.47
-219069,-6.96
-218925,-6.74
-218780,-6.92
-218639,-6.52
-218494,-6.89
-218356,-6.34
-218220,-6.34
-218090,-5.69
-217954,-6.08
-217821,-5.98
-217687,-6.11
-217565,-5.29
-217444,-5.08
-217320,-5.51
-217190,-5.88
-217072,-4.96
-216954,-4.8
-216832,-5.23
-216710,-5.16
-216584,-5.45
-216462,-5.25
-216342,-5.0
-216213,-5.88
-216088,-5.39
-215977,-4.23
-215862,-4.66
-215746,-4.77
-215630,-4.87
-215525,-3.5
-215417,-4.0
-215305,-4.45
-215197,-4.0
-215088,-4.11
-214980,-4.04
-214878,-3.72
-214775,-3.72
-214677,-2.95
-214581,-2.78
-214484,-2.89
-214388,-2.82
-214288,-3.19
-214192,-2.9
-214099,-2.5
-214006,-2.39
-213916,-2.22
-213826,-2.51
-213737,-2.01
-213649,-2.25
-213564,-1.46
-213478,-1.7
-213392,-1.64
-213308,-1.77
-213226,-1.17
-213143,-1.39
-213061,-1.0
-212974,-2.25
-212893,-1.39
-212806,-1.83
-212717,-1.92
-212630,-1.98
-212541,-1.81
-212451,-2.09
-212358,-2.59
-212269,-1.86
-212177,-2.5
-212086,-2.67
-211999,-1.76
-211914,-1.41
-211825,-1.98
-211728,-3.02
-211633,-2.7
-211541,-2.75
-211453,-1.93
-211364,-1.96
-211273,-2.38
-211186,-1.58
-211098,-1.89
-211007,-2.3
-210918,-2.0
-210829,-1.99
-210742,-1.81
-210653,-2.27
-210559,-2.59
-210465,-2.62
-210374,-2.14
-210279,-2.75
-210193,-1.5
-210105,-2.01
-210017,-1.74
-209928,-2.03
-209836,-2.34
-209751,-2.01
-209666,-2.48
-209577,-2.05
-209488,-2.06
-209404,-1.39
-209320,-1.07
-209230,-2.33
-209142,-1.76
-209060,-1.11
-208977,-1.12
-208888,-2.01
-208796,-2.43
-208708,-1.8
-208622,-2.21
-208538,-1.29
-208454,-1.27
-208369,-1.55
-208284,-1.39
-208207,-0.24
-208126,-1.84
-208041,-1.49
-207954,-1.77
-207868,-1.35
-207778,-2.24
-207692,-1.46
-207600,-2.39
-207514,-1.4
-207424,-2.19
-207330,-2.53
-207242,-1.8
-207150,-2.32
-207063,-1.67
-206976,-1.64
-206884,-2.38
-206793,-2.24
-206705,-1.69
-206616,-1.95
-206521,-2.74
-206426,-2.61
-206331,-2.62
-206240,-2.19
-206147,-2.41
-206054,-2.35
-205958,-2.87
-205865,-2.29
-205774,-2.39
-205684,-2.46
-205587,-2.98
-205491,-2.76
-205391,-3.27
-205292,-3.08
-205194,-2.94
-205098,-2.89
-204999,-2.98
-204895,-3.77
-204799,-2.75
-204699,-3.23
-204602,-3.06
-204508,-2.22
-204414,-2.6
-204316,-3.01
-204216,-3.24
-204115,-3.29
-204013,-3.53
-203912,-3.41
-203814,-3.02
-203715,-3.0
-203612,-3.89
-203515,-2.67
-203415,-3.4
-203314,-3.4
-203214,-3.35
-203111,-3.43
-203011,-3.31
-202904,-3.97
-202793,-4.54
-202687,-3.93
-202587,-3.34
-202478,-4.02
-202369,-4.34
-202261,-4.09
-202147,-4.78
-202030,-4.92
-201921,-4.21
-201811,-4.48
-201697,-4.82
-201584,-4.74
-201476,-4.11
-201360,-5.14
-201251,-4.22
-201139,-4.71
-201025,-4.93
-200914,-4.67
-200812,-3.58
-200706,-4.14
-200599,-4.33
-200497,-3.69
-200400,-3.24
-200299,-3.69
-200197,-3.7
-200095,-3.88
-200000,-2.92
-199904,-3.22
-199810,-2.94
-199717,-2.94
-199627,-2.5
-199543,-1.68
-199459,-1.78
-199374,-2.1
-199283,-2.51
-199188,-3.17
-199106,-1.42
-199019,-2.29
-198931,-2.26
-198845,-2.13
-198758,-2.21
-198674,-1.73
-198587,-2.41
-198498,-2.47
-198408,-2.43
-198318,-2.63
-198229,-2.55
-198146,-1.65
-198060,-2.29
-197976,-1.93
-197893,-1.73
-197812,-1.37
-197723,-2.68
-197633,-2.64
-197547,-2.28
-197460,-2.17
-197373,-2.46
-197288,-2.04
-197201,-2.38
-197115,-2.25
-197029,-2.19
-196941,-2.51
-196850,-2.86
-196765,-2.29
-196686,-1.81
-196604,-1.71
-196515,-2.74
-196426,-2.58
-196332,-3.61
-196243,-2.6
-196158,-2.16
-196069,-2.67
-195979,-2.86
-195888,-2.92
-195795,-3.1
-195706,-2.76
-195619,-3.0
-195524,-3.57
-195427,-3.57
-195332,-3.43
-195239,-3.2
-195142,-3.68
-195043,-3.87
-194943,-3.96
-194842,-4.2
-194736,-4.59
-194629,-4.81
-194533,-4.39
-194428,-4.9
-194325,-4.56
-194218,-4.96
-194118,-3.8
-194011,-4.93
-193903,-4.91
-193793,-5.15
-193692,-4.47
-193595,-5.35
-193484,-5.05
-193374,-5.06
-193263,-5.35
-193155,-4.88
-193044,-5.34
-192920,-6.57
-192804,-5.67
-192686,-5.98
-192565,-6.21
-192445,-6.2
-192319,-6.79
-192199,-5.95
-192069,-7.26
-191947,-6.22
-191820,-6.99
-191696,-6.81
-191571,-6.75
-191446,-6.6
-191314,-7.47
-191190,-6.58
-191079,-5.43
-190963,-6.02
-190845,-6.17
-190722,-6.64
-190606,-5.96
-190485,-6.51
-190382,-4.77
-190281,-4.67
-190177,-4.94
-190076,-4.75
-189967,-5.74
-189856,-5.48
-189732,-6.93
-189614,-6.28
-189490,-6.91
-189366,-6.74
-189238,-7.27
-189111,-7.18
-188986,-6.97
-188849,-8.06
-188722,-7.08
-188586,-8.01
-188450,-7.99
-188326,-7.02
-188205,-6.71
-188089,-6.31
-187961,-7.43
-187841,-6.66
-187724,-6.51
-187608,-6.27
-187489,-6.73
-187370,-6.73
-187257,-6.11
-187145,-6.11
-187039,-5.45
-186922,-6.62
-186807,-6.2
-186694,-6.12
-186578,-6.58
-186472,-5.57
-186364,-5.64
-186257,-5.69
-186152,-5.69
-186059,-4.03
-185966,-4.32
-185876,-3.89
-185782,-4.38
-185683,-5.02
-185582,-5.09
-185475,-5.83
-185370,-5.62
-185264,-5.54
-185149,-6.63
-185034,-6.63
-184917,-6.75
-184798,-7.03
-184684,-6.47
-184562,-7.33
-184448,-7.69
-184323,-7.65
-184195,-7.77
-184067,-7.84
-183938,-7.89
-183805,-8.34
-183672,-8.22
-183537,-8.41
-183403,-8.5
-183279,-7.51
-183151,-7.87
-183018,-8.35
-182881,-8.66
-182738,-9.15
-182604,-8.43
-182466,-8.82
-182326,-9.04
-182193,-8.35
-182059,-8.55
-181927,-8.31
-181790,-8.84
-181648,-9.2
-181511,-9.26
-181382,-8.32
-181245,-9.23
-181112,-8.77
-180979,-8.84
-180848,-8.74
-180713,-8.84
-180584,-8.41
-180458,-8.51
-180319,-8.02
-180183,-8.89
-180051,-9.24
-179918,-8.55
-179779,-9.06
-179653,-9.08
-179534,-8.32
-179401,-8.79
-179265,-9.0
-179136,-8.29
-179006,-8.49
-178879,-8.1
-178748,-9.02
-178616,-8.68
-178485,-8.6
-178359,-8.26
-178241,-7.47
-178113,-8.39
-177984,-8.95
-177869,-7.13
-177744,-8.2
-177612,-8.58
-177482,-8.83
-177358,-8.16
-177232,-8.68
-177110,-8.03
-176994,-7.46
-176882,-7.05
-176772,-6.92
-176663,-7.0
-176561,-5.93
-176454,-6.69
-176348,-6.54
-176245,-6.32
-176145,-5.85
-176044,-5.99
-175949,-5.4
-175851,-5.71
-175751,-5.84
-175634,-7.93
-175528,-6.61
-175425,-6.76
-175318,-6.84
-175215,-6.33
-175115,-5.61
-175008,-6.79
-174898,-6.94
-174778,-8.11
-174660,-8.28
-174537,-8.28
-174407,-8.87
-174279,-8.68
-174153,-8.53
-174026,-8.6
-173892,-9.23
-173762,-8.87
-173632,-8.89
-173511,-8.15
-173393,-7.95
-173278,-7.62
-173163,-7.46
-173041,-8.41
-172924,-7.87
-172811,-7.37
-172693,-7.98
-172578,-7.56
-172460,-8.38
-172341,-7.81
-172221,-8.12
-172103,-7.99
-171983,-8.07
-171861,-8.32
-171735,-8.7
-171615,-8.18
-171493,-8.17
-171379,-7.61
-171260,-8.14
-171147,-7.4
-171026,-8.46
-170911,-7.64
-170799,-7.46
-170682,-6.71
-170570,-7.45
-170465,-6.76
-170358,-7.1
-170258,-6.1
-170156,-6.68
-170059,-5.84
-169962,-5.92
-169860,-6.64
-169762,-6.03
-169660,-6.55
-169555,-6.97
-169445,-7.4
-169325,-8.28
-169207,-8.13
-169086,-8.56
-168966,-8.44
-168849,-8.18
-168732,-8.12
-168619,-8.27
-168507,-8.12
-168393,-8.31
-168276,-8.13
-168159,-7.91
-168046,-7.65
-167931,-8.03
-167828,-6.59
-167725,-6.64
-167615,-7.54
-167503,-7.63
-167393,-7.53
-167289,-6.79
-167189,-6.49
-167088,-6.58
-166987,-6.46
-166880,-7.89
-166769,-8.14
-166666,-6.68
-166566,-6.46
-166463,-7.09
-166359,-6.76
-166263,-5.83
-166167,-6.06
-166065,-6.79
-165965,-6.32
-165859,-7.16
-165750,-7.41
-165636,-7.95
-165532,-6.98
-165430,-7.34
-165321,-7.56
-165211,-7.54
-165100,-7.61
-164991,-7.38
-164874,-8.88
-164756,-8.34
-164635,-8.6
-164524,-7.63
-164408,-8.15
-164295,-8.54
-164169,-9.08
-164053,-8.0
-163937,-8.19
-163818,-8.39
-163696,-8.73
-163580,-8.19
-163467,-7.77
-163347,-8.64
-163227,-8.92
-163101,-9.19
-162984,-8.25
-162864,-8.54
-162742,-8.75
-162622,-8.62
-162503,-8.38
-162378,-9.12
-162248,-9.49
-162124,-8.93
-162003,-9.28
-161885,-8.4
-161780,-7.12
-161673,-7.4
-161556,-8.52
-161443,-8.58
-161339,-7.12
-161232,-7.45
-161130,-6.92
-161029,-6.88
-160927,-6.97
-160825,-6.83
-160722,-7.82
-160620,-7.32
-160526,-6.17
-160425,-6.91
-160328,-6.21
-160228,-6.47
-160127,-6.39
-160024,-6.62
-159927,-6.73
-159814,-7.54
-159713,-6.93
-159608,-7.24
-159493,-8.13
-159380,-8.87
-159260,-9.04
-159147,-8.0
-159031,-8.23
-158918,-8.1
-158806,-8.02
-158694,-8.17
-158589,-7.57
-158482,-7.57
-158373,-7.7
-158259,-7.39
-158156,-7.47
-158052,-7.46
-157947,-7.96
-157846,-7.58
-157742,-7.38
-157638,-7.3
-157540,-6.93
-157437,-6.99
-157348,-7.49
-157250,-6.86
-157155,-5.74
-157060,-6.52
-156961,-6.06
-156863,-7.29
-156763,-7.57
-156657,-7.92
-156547,-8.11
-156447,-9.07
-156343,-9.73
-156243,-9.02
-156142,-8.95
-156022,-9.04
-155906,-8.48
-155792,-8.82
-155677,-8.41
-155563,-8.27
-155442,-9.16
-155317,-9.52
-155199,-8.64
-155082,-8.77
-154965,-8.94
-154849,-8.53
-154724,-9.61
-154604,-8.96
-154486,-8.78
-154356,-9.58
-154224,-10.03
-154094,-9.92
-153975,-8.99
-153860,-8.62
-153747,-8.38
-153634,-8.36
-153514,-9.25
-153399,-8.53
-153285,-8.48
-153167,-8.93
-153048,-9.09
-152932,-8.72
-152812,-9.03
-152691,-9.28
-152577,-8.63
-152465,-8.43
-152355,-8.19
-152246,-8.03
-152128,-9.0
-152010,-9.1
-151898,-8.36
-151791,-7.97
-151686,-7.64
-151580,-7.89
-151473,-7.91
-151360,-8.65
-151252,-8.07
-151146,-7.88
-151041,-7.88
-150948,-7.83
-150841,-8.14
-150739,-7.45
-150643,-7.17
-150543,-7.4
-150439,-7.66
-150339,-7.43
-150236,-7.61
-150131,-7.93
-150026,-7.81
-149922,-7.76
-149820,-7.65
-149717,-7.7
-149615,-7.6
-149517,-7.01
-149412,-8.11
-149313,-7.16
-149213,-7.42
-149110,-7.77
-149008,-7.66
-148907,-7.43
-148807,-7.53
-148708,-7.31
-148607,-7.55
-148506,-7.55
-148410,-7.04
-148313,-7.17
-148217,-6.92
-148122,-6.96
-148026,-7.0
-147930,-7.14
-147834,-6.92
-147732,-7.84
-147636,-6.91
-147533,-7.86
-147429,-7.86
-147320,-8.49
-147214,-8.09
-147107,-8.31
-147001,-8.14
-146899,-7.65
-146791,-8.31
-146683,-8.38
-146577,-8.15
-146474,-7.94
-146377,-7.15
-146278,-7.66
-146173,-8.2
-146074,-7.35
-145976,-7.33
-145871,-8.07
-145760,-8.8
-145650,-8.49
-145538,-8.87
-145426,-8.78
-145317,-8.62
-145211,-8.26
-145110,-7.54
-145008,-7.9
-144907,-7.65
-144803,-8.33
-144715,-6.82
-144613,-8.18
-144509,-7.97
-144403,-8.33
-144295,-8.48
-144191,-8.09
-144093,-7.38
-143982,-8.82
-143866,-9.29
-143755,-8.8
-143647,-8.39
-143535,-8.99
-143432,-7.92
-143329,-8.1
-143223,-8.22
-143113,-8.96
-143009,-7.91
-142904,-8.27
-142798,-8.47
-142695,-7.93
-142588,-8.47
-142483,-8.34
-142378,-8.3
-142279,-7.64
-142175,-8.07
-142065,-8.87
-141953,-9.09
-141846,-8.35
-141734,-9.1
-141628,-8.51
-141529,-7.5
-141427,-8.04
-141316,-9.04
-141206,-8.84
-141095,-8.91
-140991,-8.23
-140893,-7.66
-140789,-8.27
-140686,-8.15
-140578,-8.71
-140470,-8.61
-140357,-9.29
-140248,-8.78
-140143,-8.42
-140043,-7.82
-139938,-8.51
-139837,-7.95
-139736,-8.0
-139623,-9.33
-139514,-8.81
-139409,-8.38
-139300,-8.84
-139192,-8.76
-139080,-9.17
-138969,-9.13
-138859,-9.02
-138751,-8.67
-138641,-9.06
-138538,-8.22
-138434,-8.47
-138323,-9.11
-138213,-9.19
-138110,-8.01
-138001,-9.13
-137896,-8.48
-137785,-9.14
-137677,-8.85
-137572,-8.57
-137467,-8.54
-137360,-8.77
-137251,-9.32
-137143,-8.94
-137033,-9.07
-136920,-9.43
-136813,-8.78
-136709,-9.01
-136604,-8.85
-136504,-7.93
-136400,-8.53
-136297,-8.49
-136197,-8.06
-136096,-8.33
-135997,-7.77
-135897,-8.19
-135793,-8.59
-135697,-8.35
-135597,-7.77
-135498,-8.11
-135397,-8.28
-135303,-7.46
-135209,-7.44
-135106,-8.68
-135003,-8.46
-134903,-8.12
-134802,-8.51
-134706,-8.27
-134602,-8.77
-134497,-8.73
-134395,-8.48
-134298,-7.89
-134197,-8.39
-134105,-7.39
-134018,-6.54
-133926,-7.47
-133829,-8.01
-133741,-6.83
-133643,-7.15
-133547,-7.8
-133452,-7.73
-133357,-7.77
-133263,-7.66
-133174,-6.99
-133086,-8.34
-132999,-6.88
-132916,-6.29
-132835,-6.07
-132753,-6.31
-132674,-5.76
-132595,-5.79
-132516,-5.89
-132439,-5.47
-132363,-5.48
-132286,-5.61
-132214,-4.65
-132137,-5.7
-132064,-5.18
-131991,-4.84
-131920,-5.02
-131853,-3.66
-131779,-5.32
-131708,-4.8
-131638,-4.48
-131574,-3.7
-131511,-2.99
-131447,-3.57
-131377,-4.68
-131308,-4.71
-131245,-3.21
-131184,-3.03
-131117,-4.13
-131050,-4.35
-130985,-3.55
-130921,-3.74
-130859,-3.27
-130796,-3.46
-130737,-2.73
-130674,-3.27
-130614,-3.14
-130556,-2.13
-130500,-3.15
-130443,-2.28
-130387,-2.32
-130332,-2.1
-130280,-1.33
-130227,-1.66
-130173,-1.52
-130116,-2.6
-130058,-2.85
-130005,-1.38
-129951,-1.78
-129898,-1.76
-129845,-1.52
-129792,-1.59
-129742,-1.09
-129691,-1.13
-129642,-0.69
-129591,-1.17
-129538,-1.67
-129492,-0.12
-129446,-0.23
-129403,0.75
-129358,0.07
-129314,0.49
-129269,0.4
-129223,-0.32
-129178,0.35
-129135,0.77
-129091,0.4
-129048,0.46
-129004,0.63
-128960,0.42
-128915,-0.18
-128872,0.9
-128830,0.81
-128788,1.0
-128747,1.04
-128705,0.89
-128664,1.34
-128625,1.55
-128587,2.15
-128546,1.14
-128506,0.77
-128467,3.25
-128430,1.64
-128391,1.67
-128355,2.75
-128318,2.61
-128281,1.91
-128244,2.19
-128208,2.82
-128172,2.12
-128133,1.57
-128099,3.39
-128063,2.91
-128027,2.72
-127991,2.31
-127957,3.35
-127923,3.08
-127888,2.92
-127854,3.31
-127820,3.7
-127784,2.42
-127746,1.93
-127711,3.08
-127677,3.37
-127644,3.46
-127610,3.32
-127576,3.26
-127543,3.77
-127509,3.06
-127475,3.44
-127443,4.35
-127408,2.88
-127373,2.98
-127337,2.65
-127306,4.56
-127274,3.77
-127241,3.8
-127208,4.09
-127175,3.12
-127140,3.38
-127108,4.61
-127074,3.66
-127041,3.52
-127006,2.35
-126972,3.88
-126939,3.79
-126905,3.16
-126872,4.51
-126841,4.59
-126809,4.3
-126776,3.34
-126744,3.96
-126712,5.46
-126681,4.84
-126648,3.66
-126617,3.1
-126587,3.84
-126556,4.86
-126524,4.06
-126493,4.71
-126462,4.79
-126430,3.46
-126399,4.08
-126367,2.9
-126334,4.0
-126299,4.79
-126265,2.56
-126232,4.38
-126197,3.26
-126163,3.47
-126129,3.2
-126097,3.97
-126063,3.36
-126029,4.43
-125997,4.32
-125963,3.93
-125929,3.36
-125896,4.4
-125860,2.81
-125823,3.25
-125785,3.59
-125748,2.95
-125710,2.04
-125672,2.95
-125636,2.77
-125598,2.44
-125562,3.33
-125526,2.98
-125487,2.08
-125447,1.89
-125407,1.66
-125369,2.86
-125331,2.61
-125293,2.25
-125253,2.16
-125214,1.9
-125176,2.65
-125140,3.2
-125103,2.79
-125065,2.14
-125028,3.18
-124990,2.53
-124954,3.21
-124916,2.29
-124877,2.14
-124839,2.6
-124799,2.39
-124758,1.5
-124718,1.91
-124676,1.77
-124633,1.16
-124591,1.33
-124544,0.49
-124498,0.33
-124453,1.11
-124409,0.43
-124368,2.06
-124327,2.06
-124283,0.91
-124239,0.84
-124198,2.14
-124156,0.79
-124114,2.28
-124072,1.11
-124028,1.08
-123985,1.39
-123944,2.09
-123898,0.21
-123853,0.59
-123810,1.62
-123767,1.08
-123724,1.5
-123682,1.33
-123639,1.27
-123596,1.14
-123556,1.99
-123515,2.03
-123474,1.68
-123433,1.9
-123389,0.96
-123347,1.44
-123306,1.74
-123265,2.01
-123222,1.27
-123179,0.92
-123138,2.05
-123093,0.81
-123051,1.11
-123010,2.23
-122970,1.57
-122931,2.73
-122891,2.1
-122849,1.71
-122804,0.6
-122761,0.87
-122720,2.13
-122678,1.85
-122635,0.84
-122592,1.54
-122551,1.39
-122512,2.92
-122474,2.11
-122435,2.48
-122395,1.93
-122359,3.66
-122323,2.96
-122285,2.5
-122250,3.77
-122213,2.33
-122174,2.46
-122136,2.51
-122091,0.83
-122050,1.62
-122011,2.47
-121971,2.04
-121932,2.31
-121895,3.12
-121855,1.52
-121815,2.32
-121776,2.3
-121738,2.73
-121699,2.39
-121657,1.3
-121616,1.48
-121577,3.01
-121536,1.48
-121496,2.2
-121455,1.09
-121414,2.55
-121373,1.29
-121331,1.74
-121292,2.37
-121252,2.45
-121210,0.52
-121168,2.32
-121128,1.65
-121088,2.14
-121049,2.09
-121008,2.44
-120968,1.07
-120928,2.34
-120890,2.71
-120851,2.53
-120811,1.65
-120771,2.06
-120731,2.21
-120691,2.06
-120651,1.78
-120610,1.73
-120569,1.99
-120528,1.66
-120485,1.28
-120445,2.18
-120406,2.71
-120366,1.72
-120327,2.31
-120287,2.06
-120245,1.8
-120202,1.23
-120160,1.71
-120118,1.09
-120075,1.5
-120032,1.24
-119987,0.47
-119945,1.46
-119905,2.14
-119864,1.69
-119823,1.52
-119782,1.67
-119743,2.36
-119703,2.23
-119661,0.98
-119620,1.68
-119582,2.88
-119542,1.87
-119503,2.33
-119462,1.55
-119420,1.37
-119378,1.55
-119336,1.38
-119294,1.39
-119253,1.22
-119212,2.49
-119171,1.08
-119128,1.15
-119090,2.5
-119049,1.87
-119008,1.58
-118967,1.42
-118925,1.59
-118883,1.31
-118843,1.85
-118800,1.12
-118757,1.02
-118714,1.28
-118670,0.96
-118626,0.71
-118583,0.99
-118541,1.38
-118498,1.14
-118454,0.79
-118412,1.47
-118370,1.25
-118329,1.54
-118289,1.9
-118245,0.59
-118203,1.98
-118160,0.59
-118117,1.13
-118072,0.84
-118027,0.11
-117981,0.47
-117938,1.13
-117894,0.66
-117851,0.76
-117810,2.11
-117769,1.25
-117725,0.89
-117680,0.28
-117638,1.37
-117594,0.67
-117551,1.29
-117505,0.12
-117458,-0.33
-117413,0.87
-117367,0.3
-117322,0.28
-117277,0.72
-117232,0.19
-117186,0.32
-117142,0.61
-117098,0.56
-117055,1.6
-117012,0.16
-116968,1.33
-116924,0.41
-116879,0.29
-116832,-0.19
-116788,0.75
-116741,-0.07
-116693,-0.35
-116645,-0.09
-116599,0.16
-116551,-0.49
-116506,0.7
-116462,0.5
-116416,0.43
-116368,-0.7
-116321,-0.32
-116274,0.22
-116225,-0.9
-116179,0.05
-116137,1.14
-116094,0.73
-116051,1.38
-116004,-0.65
-115955,-0.87
-115907,0.09
-115861,-0.41
-115815,0.4
-115767,-0.51
-115720,-0.5
-115674,0.39
-115627,-0.37
-115580,-0.39
-115532,-0.2
-115483,-0.76
-115435,-0.7
-115390,0.34
-115343,-0.32
-115295,-0.56
-115247,-0.5
-115199,-0.56
-115152,0.04
-115101,-1.56
-115051,-0.99
-115003,-0.43
-114955,-0.79
-114906,-0.3
-114855,-1.71
-114804,-1.32
-114754,-0.56
-114704,-1.19
-114652,-1.48
-114600,-1.6
-114550,-1.02
-114500,-1.24
-114450,-1.01
-114400,-1.21
-114350,-0.81
-114298,-1.55
-114239,-3.03
-114186,-1.73
-114135,-1.42
-114079,-2.56
-114026,-1.63
-113972,-1.71
-113918,-2.61
-113865,-1.42
-113812,-1.63
-113757,-2.6
-113702,-2.28
-113649,-1.62
-113596,-2.07
-113542,-2.23
-113486,-2.36
-113432,-2.12
-113377,-2.6
-113326,-1.21
-113273,-2.18
-113219,-1.92
-113165,-2.16
-113114,-0.96
-113060,-2.45
-113006,-2.17
-112949,-2.85
-112894,-2.49
-112842,-1.84
-112790,-1.63
-112734,-2.42
-112677,-2.69
-112619,-3.27
-112559,-3.31
-112502,-3.09
-112448,-2.02
-112392,-2.55
-112334,-3.08
-112277,-2.96
-112220,-3.14
-112166,-2.01
-112110,-2.87
-112054,-2.83
-111997,-3.03
-111939,-3.18
-111883,-2.82
-111826,-3.06
-111766,-3.26
-111702,-4.69
-111642,-3.42
-111581,-3.73
-111516,-4.62
-111453,-4.35
-111392,-3.53
-111331,-3.98
-111272,-3.64
-111212,-3.21
-111147,-5.08
-111084,-4.1
-111021,-4.09
-110957,-4.49
-110893,-4.64
-110827,-4.77
-110764,-4.36
-110704,-3.82
-110642,-4.02
-110577,-5.07
-110514,-4.15
-110450,-4.6
-110380,-5.63
-110313,-5.14
-110249,-4.6
-110185,-4.48
-110116,-5.62
-110047,-5.38
-109982,-4.83
-109915,-5.18
-109847,-5.25
-109779,-5.47
-109712,-5.43
-109648,-4.44
-109582,-5.19
-109515,-5.41
-109450,-4.69
-109380,-5.77
-109313,-5.73
-109250,-4.12
-109186,-4.96
-109121,-5.0
-109055,-5.45
-108990,-4.93
-108926,-4.8
-108861,-5.29
-108797,-4.78
-108731,-5.41
-108664,-5.57
-108598,-5.26
-108532,-5.27
-108469,-5.12
-108406,-4.47
-108340,-5.58
-108272,-5.62
-108201,-6.42
-108135,-5.35
-108075,-4.25
-108007,-5.67
-107935,-6.62
-107872,-5.01
-107806,-5.41
-107740,-5.61
-107674,-5.58
-107607,-5.62
-107540,-5.81
-107466,-7.04
-107399,-5.39
-107330,-6.08
-107261,-6.25
-107193,-5.81
-107122,-6.31
-107044,-7.74
-106972,-6.46
-106901,-6.43
-106826,-7.19
-106755,-6.36
-106682,-6.88
-106611,-6.53
-106537,-6.97
-106466,-6.36
-106390,-7.51
-106317,-6.89
-106245,-6.81
-106175,-6.52
-106106,-6.38
-106036,-6.46
-105967,-6.39
-105899,-6.23
-105831,-6.25
-105767,-5.54
-105703,-5.63
-105640,-5.58
-105580,-4.91
-105518,-5.52
-105456,-5.03
-105393,-5.83
-105333,-4.87
-105273,-5.06
-105212,-5.32
-105153,-5.0
-105096,-4.29
-105038,-4.82
-104983,-4.03
-104926,-4.63
-104868,-4.83
-104809,-5.17
-104754,-4.15
-104701,-3.72
-104651,-3.01
-104600,-3.59
-104549,-3.33
-104497,-3.94
-104444,-3.68
-104390,-4.16
-104337,-3.94
-104284,-3.94
-104228,-4.6
-104172,-4.51
-104117,-4.11
-104061,-4.82
-104006,-4.48
-103952,-3.54
-103894,-5.27
-103835,-5.13
-103775,-5.26
-103716,-5.16
-103658,-4.9
-103602,-4.75
-103545,-4.64
-103488,-4.89
-103429,-5.18
-103372,-4.79
-103314,-4.87
-103254,-5.6
-103193,-5.49
-103136,-4.85
-103083,-4.02
-103025,-4.98
-102968,-5.15
-102911,-4.64
-102854,-4.88
-102798,-4.9
-102742,-4.59
-102683,-5.25
-102622,-5.75
-102562,-5.29
-102503,-5.47
-102442,-5.48
-102380,-5.94
-102320,-5.64
-102262,-4.57
-102200,-6.16
-102133,-6.78
-102072,-5.67
-102011,-5.72
-101948,-6.25
-101886,-5.69
-101820,-6.89
-101755,-5.83
-101687,-7.29
-101621,-6.45
-101553,-6.98
-101483,-7.35
-101418,-6.26
-101352,-6.74
-101284,-6.97
-101225,-5.29
-101163,-6.22
-101102,-5.74
-101041,-5.95
-100985,-4.8
-100928,-5.24
-100869,-5.54
-100810,-5.58
-100752,-5.51
-100697,-4.32
-100640,-5.45
-100585,-4.77
-100529,-4.87
-100473,-5.13
-100418,-4.84
-100362,-4.74
-100302,-6.18
-100246,-4.9
-100194,-4.24
-100141,-4.41
-100088,-4.59
-100032,-5.02
-99980,-4.26
-99928,-4.34
-99875,-4.34
-99822,-4.64
-99770,-4.09
-99717,-4.69
-99664,-4.47
-99611,-4.84
-99559,-3.88
-99508,-4.51
-99460,-3.45
-99413,-2.79
-99365,-4.04
-99316,-3.54
-99266,-3.79
-99215,-4.37
-99163,-4.24
-99108,-4.9
-99053,-5.16
-98998,-4.92
-98943,-5.13
-98892,-3.92
-98841,-4.29
-98789,-4.3
-98737,-4.45
-98684,-4.57
-98630,-5.0
-98579,-4.02
-98527,-4.67
-98476,-3.79
-98424,-4.76
-98371,-4.48
-98319,-4.75
-98268,-3.89
-98216,-4.33
-98164,-4.88
-98112,-4.07
-98060,-4.32
-98007,-5.03
-97954,-4.3
-97898,-5.61
-97845,-4.53
-97793,-4.58
-97742,-4.17
-97691,-4.2
-97636,-5.21
-97585,-4.2
-97532,-4.7
-97477,-5.06
-97422,-5.28
-97368,-4.71
-97313,-5.16
-97255,-5.59
-97197,-5.87
-97144,-4.67
-97091,-4.7
-97040,-4.32
-96983,-5.66
-96930,-4.47
-96875,-5.3
-96822,-4.54
-96767,-5.15
-96712,-5.33
-96660,-4.82
-96610,-3.68
-96559,-4.64
-96509,-3.73
-96458,-4.59
-96405,-4.63
-96352,-5.35
-96301,-3.68
-96247,-5.44
-96196,-4.16
-96145,-4.46
-96096,-3.82
-96044,-4.78
-95990,-5.03
-95935,-5.13
-95882,-4.8
-95833,-4.2
-95785,-3.41
-95732,-4.86
-95679,-4.73
-95625,-5.46
-95575,-3.84
-95522,-4.83
-95470,-5.05
-95419,-4.17
-95369,-4.37
-95318,-4.22
-95268,-4.32
-95217,-4.22
-95166,-5.11
-95115,-3.56
-95061,-5.71
-95008,-4.7
-94956,-4.72
-94905,-4.24
-94854,-4.8
-94802,-4.29
-94749,-5.46
-94699,-3.82
-94647,-4.73
-94593,-5.15
-94536,-5.84
-94488,-3.69
-94435,-4.87
-94381,-5.23
-94330,-4.6
-94282,-3.73
-94232,-4.32
-94180,-4.8
-94129,-4.14
-94074,-5.86
-94022,-4.78
-93974,-3.23
-93921,-5.3
-93869,-4.96
-93817,-4.22
-93764,-5.26
-93711,-5.02
-93659,-4.54
-93605,-5.36
-93552,-4.92
-93499,-4.98
-93444,-5.33
-93391,-5.03
-93338,-4.94
-93284,-5.38
-93232,-4.82
-93182,-4.11
-93133,-4.14
-93084,-4.42
-93037,-3.63
-92991,-3.41
-92943,-4.17
-92899,-3.02
-92855,-2.73
-92807,-3.94
-92755,-4.68
-92699,-6.12
-92645,-5.05
-92592,-4.95
-92540,-4.93
-92490,-4.24
-92436,-5.41
-92385,-4.6
-92336,-3.99
-92282,-5.61
-92232,-4.22
-92183,-4.14
-92134,-4.39
-92084,-4.34
-92033,-4.67
-91981,-4.85
-91930,-4.78
-91880,-4.44
-91828,-4.73
-91775,-5.54
-91726,-3.53
-91676,-4.88
-91622,-5.05
-91567,-5.92
-91515,-4.78
-91464,-4.47
-91414,-4.57
-91365,-4.23
-91314,-4.38
-91261,-5.59
-91207,-5.16
-91154,-5.32
-91101,-4.6
-91045,-6.05
-90991,-5.37
-90939,-4.8
-90888,-4.88
-90836,-4.91
-90784,-4.69
-90729,-5.9
-90679,-4.21
-90627,-5.09
-90575,-4.87
-90521,-5.63
-90468,-5.19
-90418,-4.13
-90365,-5.27
-90310,-5.63
-90254,-5.85
-90198,-5.76
-90144,-5.33
-90090,-5.35
-90037,-5.3
-89985,-4.9
-89930,-5.61
-89875,-5.68
-89821,-5.27
-89764,-6.19
-89707,-6.04
-89652,-5.59
-89600,-4.95
-89550,-4.22
-89491,-6.73
-89435,-5.82
-89378,-5.87
-89320,-6.34
-89263,-5.76
-89206,-6.6
-89151,-5.16
-89096,-5.71
-89041,-5.67
-88989,-5.16
-88938,-4.88
-88883,-5.64
-88827,-5.92
-88769,-6.21
-88710,-6.38
-88650,-6.59
-88590,-6.77
-88539,-4.91
-88486,-5.32
-88430,-5.86
-88374,-6.37
-88324,-3.98
-88272,-5.46
-88218,-5.4
-88165,-5.46
-88112,-5.39
-88062,-5.01
-88013,-3.89
-87963,-4.7
-87911,-5.52
-87858,-5.22
-87807,-5.17
-87755,-4.76
-87700,-6.11
-87642,-6.23
-87590,-5.25
-87539,-5.05
-87488,-4.84
-87437,-5.12
-87386,-4.89
-87336,-4.67
-87280,-6.16
-87224,-6.09
-87169,-5.64
-87112,-6.29
-87055,-6.44
-87002,-5.1
-86949,-5.53
-86897,-5.1
-86844,-5.61
-86792,-5.26
-86738,-5.69
-86681,-6.27
-86624,-6.15
-86568,-5.69
-86509,-7.01
-86451,-6.42
-86396,-5.81
-86336,-6.88
-86280,-5.94
-86222,-6.52
-86164,-6.59
-86109,-5.75
-86054,-5.8
-85999,-6.04
-85941,-6.52
-85881,-6.97
-85824,-5.85
-85764,-7.44
-85708,-5.57
-85649,-6.84
-85591,-6.46
-85531,-6.99
-85473,-6.65
-85418,-5.49
-85360,-6.57
-85296,-7.53
-85232,-7.6
-85171,-7.17
-85113,-6.61
-85058,-5.67
-85002,-6.53
-84949,-5.32
-84894,-6.07
-84840,-5.79
-84785,-6.09
-84736,-4.75
-84680,-6.32
-84624,-6.25
-84569,-5.99
-84516,-5.68
-84463,-5.81
-84412,-4.98
-84361,-5.33
-84310,-5.3
-84258,-5.23
-84207,-5.86
-84158,-4.39
-84109,-5.02
-84060,-4.77
-84012,-4.57
-83961,-5.25
-83911,-5.27
-83860,-5.33
-83809,-5.43
-83760,-4.76
-83712,-4.49
-83663,-4.99
-83614,-4.97
-83565,-5.05
-83518,-4.0
-83469,-5.23
-83421,-4.64
-83374,-4.49
-83326,-4.67
-83279,-4.84
-83238,-2.64
-83192,-4.26
-83143,-4.87
-83096,-4.64
-83049,-4.32
-83001,-4.62
-82953,-5.35
-82908,-3.25
-82863,-4.24
-82815,-5.0
-82769,-4.32
-82724,-3.88
-82682,-3.3
-82639,-3.59
-82594,-4.07
-82550,-3.84
-82505,-4.3
-82461,-3.58
-82417,-3.46
-82372,-4.45
-82326,-4.25
-82281,-3.81
-82234,-4.89
-82192,-3.28
-82147,-4.17
-82104,-3.36
-82062,-4.08
-82020,-2.41
-81979,-3.44
-81935,-3.93
-81893,-3.39
-81846,-4.69
-81806,-2.51
-81766,-2.56
-81725,-3.71
-81682,-3.37
-81639,-3.63
-81595,-4.09
-81553,-2.84
-81510,-4.04
-81467,-3.56
-81425,-3.41
-81383,-3.68
-81344,-2.3
-81305,-2.47
-81266,-2.83
-81226,-2.76
-81187,-2.65
-81148,-2.48
-81107,-3.52
-81066,-2.49
-81024,-3.95
-80982,-3.14
-80939,-3.73
-80896,-3.74
-80854,-3.48
-80813,-2.77
-80771,-3.58
-80730,-3.79
-80692,-2.01
-80649,-3.59
-80604,-4.4
-80562,-3.04
-80519,-3.87
-80477,-3.59
-80436,-2.96
-80393,-3.63
-80353,-3.12
-80311,-2.97
-80268,-3.91
-80224,-3.85
-80178,-4.74
-80134,-3.71
-80087,-4.59
-80042,-4.26
-79993,-5.03
-79949,-3.93
-79905,-4.07
-79860,-4.21
-79817,-3.38
-79775,-4.14
-79733,-2.65
-79687,-4.8
-79641,-4.37
-79595,-4.37
-79549,-4.37
-79500,-5.21
-79451,-5.26
-79405,-4.35
-79360,-3.91
-79314,-4.65
-79265,-5.05
-79214,-5.63
-79164,-5.49
-79115,-4.72
-79066,-5.28
-79016,-5.5
-78968,-4.74
-78919,-5.52
-78871,-4.69
-78824,-4.49
-78776,-5.14
-78729,-4.66
-78683,-4.38
-78636,-4.86
-78587,-5.04
-78539,-5.01
-78490,-5.26
-78442,-4.91
-78396,-4.37
-78347,-5.39
-78299,-4.62
-78248,-5.96
-78203,-3.8
-78157,-4.9
-78109,-4.92
-78061,-4.86
-78011,-5.45
-77960,-5.77
-77910,-5.44
-77860,-5.13
-77812,-5.57
-77766,-4.06
-77720,-4.26
-77671,-5.99
-77621,-4.71
-77570,-6.29
-77520,-4.96
-77471,-5.59
-77424,-4.76
-77377,-4.88
-77330,-4.44
-77278,-6.27
-77228,-5.13
-77177,-6.06
-77126,-5.02
-77072,-7.15
-77019,-5.67
-76969,-5.64
-76918,-5.41
-76867,-6.32
-76817,-5.1
-76769,-4.92
-76720,-5.45
-76670,-5.67
-76620,-5.34
-76568,-6.13
-76515,-6.12
-76465,-5.61
-76414,-5.25
-76360,-6.64
-76302,-7.4
-76250,-5.75
-76199,-5.69
-76144,-6.63
-76091,-6.2
-76039,-5.94
-75985,-6.6
-75930,-6.44
-75875,-6.69
-75820,-6.38
-75765,-6.81
-75708,-7.05
-75651,-7.04
-75596,-6.46
-75542,-6.43
-75485,-7.08
-75432,-6.31
-75382,-5.66
-75331,-5.77
-75279,-6.38
-75229,-5.16
-75175,-6.78
-75123,-6.12
-75071,-6.03
-75019,-6.06
-74966,-6.21
-74911,-6.89
-74856,-6.65
-74799,-6.95
-74742,-7.18
-74689,-6.38
-74637,-6.1
-74581,-6.98
-74528,-5.99
-74469,-8.09
-74415,-6.28
-74362,-6.1
-74308,-6.75
-74252,-6.91
-74194,-7.51
-74141,-6.31
-74088,-6.38
-74032,-6.99
-73976,-6.77
-73918,-7.43
-73858,-7.94
-73799,-7.6
-73743,-6.78
-73686,-7.41
-73632,-6.52
-73577,-6.96
-73524,-6.22
-73471,-6.67
-73418,-6.62
-73366,-5.99
-73315,-6.1
-73265,-5.98
-73215,-5.82
-73164,-5.86
-73113,-6.22
-73061,-6.67
-73012,-5.19
-72963,-6.11
-72914,-5.34
-72866,-5.72
-72818,-5.26
-72771,-5.29
-72724,-5.59
-72680,-4.44
-72637,-4.08
-72593,-4.64
-72553,-3.52
-72509,-4.47
-72464,-4.97
-72418,-5.15
-72372,-4.92
-72324,-5.86
-72278,-5.06
-72233,-4.51
-72185,-5.7
-72140,-4.83
-72092,-5.56
-72044,-5.52
-71997,-5.39
-71953,-4.21
-71904,-5.97
-71854,-6.04
-71802,-6.62
-71751,-6.11
-71700,-6.23
-71648,-6.23
-71595,-6.91
-71545,-5.53
-71490,-7.39
-71437,-6.45
-71383,-7.1
-71331,-6.16
-71275,-7.55
-71222,-6.45
-71169,-6.51
-71116,-6.89
-71062,-6.58
-71006,-7.66
-70949,-7.17
-70893,-7.42
-70835,-7.63
-70777,-7.6
-70719,-7.66
-70658,-8.19
-70597,-8.32
-70536,-8.14
-70476,-7.9
-70413,-8.89
-70351,-8.24
-70294,-7.3
-70237,-7.59
-70182,-7.05
-70124,-8.05
-70069,-6.94
-70014,-7.28
-69960,-7.09
-69907,-6.6
-69854,-6.9
-69800,-7.0
-69747,-6.65
-69695,-6.84
-69642,-6.71
-69594,-5.85
-69541,-6.88
-69488,-6.78
-69433,-7.19
-69380,-7.05
-69330,-6.04
-69281,-6.01
-69232,-6.21
-69180,-6.41
-69128,-7.09
-69080,-5.25
-69026,-7.27
-68972,-7.72
-68923,-5.41
-68876,-5.98
-68829,-5.53
-68783,-5.5
-68738,-5.05
-68691,-5.63
-68644,-5.61
-68596,-6.04
-68550,-5.2
-68500,-6.41
-68449,-6.61
-68397,-6.69
-68346,-6.28
-68291,-7.55
-68240,-6.66
-68187,-6.79
-68131,-7.72
-68075,-7.34
-68019,-7.69
-67963,-7.49
-67904,-8.07
-67846,-7.94
-67791,-7.27
-67736,-7.58
-67682,-6.91
-67623,-8.34
-67561,-8.8
-67500,-8.49
-67444,-7.26
-67382,-8.89
-67318,-8.99
-67254,-9.22
-67191,-8.75
-67124,-9.67
-67059,-8.85
-66993,-9.71
-66929,-8.92
-66866,-8.96
-66801,-9.42
-66742,-8.14
-66681,-8.6
-66624,-7.77
-66567,-8.15
-66510,-7.59
-66453,-7.92
-66396,-8.04
-66339,-7.79
-66274,-9.31
-66208,-9.51
-66141,-9.63
-66079,-9.06
-66019,-8.27
-65958,-8.6
-65898,-8.87
-65843,-7.12
-65779,-9.32
-65716,-9.12
-65654,-9.11
-65596,-7.81
-65535,-8.78
-65471,-9.4
-65408,-8.9
-65346,-8.86
-65281,-9.44
-65217,-9.26
-65153,-9.39
-65091,-8.82
-65026,-9.61
-64963,-9.01
-64903,-8.5
-64840,-9.23
-64777,-9.21
-64717,-8.46
-64656,-8.67
-64591,-9.71
-64535,-7.85
-64473,-9.04
-64412,-8.83
-64349,-9.11
-64286,-9.2
-64220,-9.81
-64156,-9.17
-64092,-9.48
-64027,-9.58
-63964,-9.29
-63902,-8.78
-63838,-9.59
-63774,-9.36
-63713,-9.0
-63653,-8.46
-63589,-9.56
-63529,-8.79
-63465,-9.42
-63403,-9.14
-63343,-8.67
-63282,-9.03
-63223,-8.36
-63161,-9.77
-63104,-7.72
-63048,-7.72
-62989,-8.89
-62929,-8.82
-62867,-9.01
-62806,-9.34
-62747,-8.3
-62685,-9.24
-62627,-8.4
-62566,-9.11
-62507,-8.82
-62449,-8.24
-62390,-8.71
-62328,-9.32
-62268,-8.78
-62210,-8.38
-62150,-9.08
-62092,-8.53
-62039,-7.45
-61988,-7.12
-61934,-7.86
-61879,-7.88
-61821,-8.87
-61770,-6.63
-61716,-8.34
-61665,-6.82
-61614,-6.68
-61558,-8.49
-61498,-8.83
-61438,-9.05
-61376,-9.3
-61315,-8.95
-61253,-9.41
-61191,-9.22
-61129,-9.27
-61062,-10.19
-61003,-8.41
-60944,-8.6
-60882,-9.47
-60821,-9.17
-60765,-8.24
-60707,-8.53
-60648,-8.85
-60589,-8.89
-60530,-8.91
-60478,-7.25
-60421,-8.57
-60362,-8.86
-60304,-8.6
-60248,-8.19
-60194,-8.05
-60139,-7.94
-60083,-8.17
-60024,-8.94
-59969,-8.22
-59913,-8.37
-59859,-7.77
-59807,-7.62
-59756,-7.26
-59704,-7.52
-59651,-7.77
-59600,-7.44
-59549,-6.96
-59497,-7.6
-59444,-8.11
-59393,-7.01
-59342,-7.39
-59292,-7.32
-59242,-7.09
-59192,-6.86
-59144,-7.13
-59095,-6.43
-59044,-7.77
-58994,-7.13
-58946,-6.45
-58897,-6.68
-58847,-7.52
-58797,-7.24
-58747,-6.91
-58699,-7.22
-58653,-5.79
-58608,-6.07
-58560,-6.73
-58510,-7.25
-58464,-6.25
-58414,-6.97
-58363,-7.48
-58315,-6.66
-58266,-6.92
-58216,-7.33
-58166,-7.25
-58118,-6.67
-58070,-6.78
-58022,-6.35
-57974,-7.27
-57929,-5.72
-57885,-5.92
-57841,-5.9
-57797,-5.32
-57750,-6.9
-57700,-7.15
-57656,-5.85
-57610,-6.19
-57564,-6.55
-57519,-6.28
-57476,-4.82
-57431,-6.1
-57383,-7.3
-57336,-6.26
-57292,-6.16
-57251,-4.53
-57203,-7.08
-57160,-5.36
-57117,-5.41
-57074,-5.71
-57030,-5.8
-56986,-5.9
-56942,-5.78
-56897,-6.08
-56853,-5.8
-56810,-5.93
-56768,-4.89
-56726,-5.64
-56683,-5.44
-56642,-5.19
-56602,-4.6
-56561,-4.83
-56517,-6.42
-56472,-5.66
-56429,-5.86
-56388,-4.92
-56347,-5.03
-56304,-6.03
-56262,-4.42
-56220,-5.98
-56177,-5.28
-56131,-6.57
-56089,-5.25
-56044,-6.1
-55999,-5.97
-55954,-6.2
-55907,-6.23
-55859,-6.82
-55810,-7.16
-55763,-6.95
-55719,-5.23
-55675,-5.83
-55628,-6.61
-55582,-6.43
-55538,-5.75
-55493,-5.97
-55445,-6.66
-55396,-7.79
-55350,-5.58
-55308,-5.7
-55266,-4.97
-55222,-5.99
-55180,-5.2
-55136,-5.72
-55091,-6.37
-55044,-6.25
-54998,-6.83
-54953,-5.32
-54908,-6.56
-54862,-6.13
-54816,-6.36
-54766,-7.18
-54719,-6.52
-54668,-7.61
-54621,-6.46
-54573,-6.64
-54524,-7.21
-54474,-7.1
-54426,-7.0
-54376,-6.63
-54325,-8.08
-54276,-6.88
-54228,-6.52
-54178,-7.29
-54126,-7.37
-54073,-8.67
-54021,-6.75
-53968,-8.38
-53914,-8.13
-53863,-7.35
-53811,-7.32
-53757,-8.33
-53704,-7.91
-53653,-7.37
-53604,-7.19
-53555,-6.81
-53508,-6.77
-53459,-6.79
-53408,-7.81
-53360,-6.59
-53314,-6.34
-53266,-6.85
-53218,-7.05
-53172,-6.04
-53124,-6.82
-53077,-6.93
-53032,-5.79
-52987,-6.14
-52940,-6.76
-52893,-6.6
-52847,-5.94
-52798,-7.39
-52747,-7.37
-52695,-7.9
-52644,-7.62
-52594,-6.79
-52545,-7.4
-52495,-7.4
-52446,-6.86
-52397,-6.9
-52351,-7.04
-52306,-5.42
-52263,-5.83
-52219,-5.96
-52175,-5.66
-52128,-6.98
-52081,-6.5
-52034,-6.67
-51988,-6.25
-51943,-6.52
-51898,-5.54
-51854,-6.25
-51811,-5.54
-51764,-6.66
-51716,-6.87
-51667,-7.19
-51621,-6.08
-51576,-6.3
-51532,-6.18
-51490,-5.29
-51449,-4.99
-51409,-4.92
-51368,-4.95
-51328,-5.18
-51287,-5.03
-51245,-5.41
-51203,-5.08
-51160,-6.18
-51117,-5.75
-51076,-4.25
-51032,-6.33
-50985,-6.82
-50938,-6.62
-50893,-6.18
-50849,-6.11
-50807,-4.61
-50763,-6.11
-50718,-6.72
-50675,-5.28
-50630,-6.35
-50585,-5.97
-50538,-7.04
-50493,-5.66
-50448,-6.07
-50402,-6.75
-50355,-6.32
-50308,-6.86
-50262,-6.32
-50213,-7.27
-50167,-6.23
-50125,-5.24
-50082,-6.36
-50040,-4.62
-49997,-5.97
-49951,-6.26
-49904,-6.81
-49861,-5.49
-49815,-6.64
-49769,-6.11
-49721,-7.35
-49672,-6.57
-49625,-7.41
-49578,-5.98
-49533,-6.42
-49486,-6.61
-49437,-7.21
-49389,-6.77
-49341,-7.02
-49292,-6.95
-49243,-7.22
-49193,-7.38
-49142,-7.38
-49091,-7.84
-49043,-6.71
-48995,-6.69
-48946,-7.37
-48896,-7.5
-48848,-6.59
-48799,-7.48
-48751,-7.02
-48702,-6.25
-48652,-8.11
-48601,-7.43
-48553,-7.17
-48508,-5.64
-48461,-7.05
-48412,-7.06
-48361,-7.5
-48311,-7.53
-48262,-7.02
-48216,-6.5
-48168,-6.96
-48121,-6.64
-48072,-7.06
-48020,-8.18
-47968,-7.49
-47919,-7.67
-47870,-6.3
-47820,-7.67
-47771,-7.7
-47723,-6.1
-47674,-7.45
-47625,-7.54
-47576,-6.75
-47527,-7.16
-47476,-7.96
-47425,-7.36
-47372,-8.39
-47319,-7.64
-47268,-8.05
-47217,-7.28
-47165,-8.17
-47113,-7.59
-47062,-7.67
-47012,-7.57
-46965,-6.54
-46917,-7.01
-46869,-7.08
-46816,-8.17
-46762,-8.32
-46714,-6.93
-46663,-7.56
-46608,-8.51
-46560,-7.0
-46511,-7.31
-46464,-6.8
-46417,-6.63
-46368,-6.8
-46318,-7.99
-46267,-7.31
-46215,-7.94
-46161,-8.55
-46108,-8.02
-46055,-7.92
-46000,-8.94
-45950,-7.25
-45902,-6.65
-45853,-7.66
-45805,-7.13
-45760,-6.27
-45714,-6.24
-45666,-7.2
-45619,-7.0
-45572,-6.73
-45524,-6.97
-45478,-6.59
-45430,-7.15
-45384,-6.64
-45339,-6.67
-45296,-4.97
-45253,-6.44
-45208,-6.24
-45161,-6.8
-45115,-6.75
-45070,-6.17
-45025,-6.44
-44980,-6.44
-44935,-5.88
-44890,-6.86
-44844,-6.49
-44798,-6.58
-44757,-5.25
-44716,-5.68
-44674,-5.05
-44633,-5.51
-44592,-5.64
-44554,-4.03
-44516,-4.57
-44477,-4.85
-44434,-5.72
-44391,-5.7
-44348,-6.18
-44304,-6.12
-44260,-6.31
-44215,-6.38
-44174,-5.24
-44130,-5.8
-44086,-6.86
-44042,-6.03
-44001,-5.14
-43962,-4.25
-43920,-6.28
-43877,-5.35
-43835,-6.01
-43792,-5.44
-43747,-6.69
-43702,-6.19
-43656,-7.05
-43612,-5.27
-43567,-6.9
-43520,-6.97
-43474,-6.51
-43427,-6.79
-43381,-6.59
-43334,-6.92
-43287,-7.0
-43239,-7.04
-43193,-6.62
-43145,-7.12
-43096,-7.17
-43046,-7.75
-42996,-7.65
-42946,-7.57
-42895,-7.78
-42844,-7.8
-42793,-7.92
-42742,-7.57
-42691,-7.9
-42638,-8.46
-42585,-8.3
-42532,-8.73
-42481,-7.63
-42432,-7.04
-42380,-8.04
-42326,-8.44
-42271,-8.77
-42216,-8.82
-42162,-8.31
-42108,-8.66
-42055,-8.74
-42004,-7.94
-41952,-8.02
-41899,-8.68
-41846,-8.42
-41796,-7.22
-41746,-7.81
-41697,-7.57
-41647,-7.37
-41596,-8.06
-41545,-7.9
-41497,-7.36
-41450,-6.93
-41404,-6.47
-41353,-7.93
-41302,-8.03
-41255,-6.83
-41207,-7.51
-41160,-6.83
-41114,-6.62
-41067,-7.2
-41019,-7.02
-40972,-7.07
-40926,-6.75
-40877,-7.41
-40827,-7.94
-40776,-7.61
-40724,-8.52
-40675,-7.12
-40623,-8.46
-40572,-7.77
-40523,-7.55
-40473,-7.54
-40421,-8.36
-40369,-8.18
-40318,-7.52
-40265,-8.89
-40211,-8.22
-40156,-9.04
-40100,-9.06
-40045,-8.75
-39990,-8.74
-39935,-8.8
-39882,-8.36
-39827,-8.97
-39775,-8.22
-39724,-7.95
-39670,-8.73
-39619,-7.79
-39566,-8.83
-39519,-6.66
-39466,-8.57
-39416,-7.83
-39367,-7.58
-39319,-7.55
-39273,-6.45
-39224,-7.31
-39173,-8.58
-39123,-7.57
-39073,-7.77
-39022,-8.02
-38970,-8.15
-38915,-9.39
-38862,-8.14
-38809,-8.42
-38755,-8.82
-38701,-8.7
-38647,-8.72
-38593,-8.89
-38540,-8.54
-38491,-7.26
-38444,-7.54
-38395,-7.19
-38343,-8.41
-38291,-8.53
-38238,-8.63
-38188,-7.59
-38139,-7.74
-38089,-8.25
-38040,-7.2
-37990,-8.12
-37940,-7.74
-37888,-8.48
-37837,-7.83
-37782,-9.24
-37730,-8.18
-37675,-9.1
-37619,-9.2
-37565,-9.02
-37513,-8.03
-37463,-7.97
-37412,-8.2
-37362,-7.97
-37311,-8.05
-37261,-8.2
-37211,-7.73
-37161,-8.05
-37119,-5.95
-37073,-6.87
-37026,-7.78
-36981,-6.46
-36936,-6.59
-36892,-6.89
-36848,-6.15
-36801,-7.53
-36754,-7.18
-36710,-6.82
-36666,-6.34
-36622,-6.41
-36579,-6.39
-36534,-6.62
-36489,-7.03
-36445,-6.57
-36401,-6.29
-36356,-7.28
-36313,-5.83
-36265,-7.63
-36219,-7.25
-36174,-7.13
-36132,-5.5
-36089,-5.98
-36042,-7.86
-35995,-7.23
-35949,-7.17
-35908,-6.16
-35869,-4.66
-35829,-5.22
-35787,-6.41
-35747,-5.14
-35706,-6.27
-35663,-6.18
-35621,-6.04
-35575,-7.18
-35530,-6.85
-35481,-8.14
-35434,-6.84
-35387,-7.91
-35340,-6.84
-35294,-7.79
-35248,-6.62
-35199,-7.89
-35150,-7.88
-35101,-7.91
-35057,-6.63
-35011,-7.0
-34961,-8.17
-34909,-8.54
-34857,-8.84
-34805,-8.66
-34755,-7.95
-34705,-8.08
-34654,-8.44
-34605,-7.77
-34556,-8.05
-34506,-8.2
-34456,-8.09
-34407,-7.84
-34358,-7.84
-34308,-8.32
-34256,-8.54
-34204,-8.69
-34151,-9.07
-34101,-8.05
-34051,-8.08
-34002,-8.02
-33953,-7.97
-33898,-9.24
-33848,-8.18
-33796,-8.68
-33748,-7.89
-33700,-7.61
-33652,-7.81
-33601,-8.67
-33551,-8.52
-33504,-6.81
-33456,-8.06
-33406,-8.24
-33357,-8.18
-33310,-7.52
-33264,-7.09
-33217,-7.72
-33167,-8.41
-33119,-7.69
-33074,-7.03
-33027,-7.69
-32978,-8.04
-32929,-8.37
-32882,-7.4
-32835,-7.35
-32786,-8.48
-32738,-7.68
-32690,-7.75
-32641,-8.34
-32595,-7.39
-32544,-8.55
-32495,-8.03
-32445,-8.19
-32392,-9.08
-32337,-9.58
-32284,-8.97
-32231,-9.12
-32180,-8.53
-32127,-9.16
-32071,-9.52
-32016,-9.52
-31961,-9.53
-31906,-9.53
-31851,-9.53
-31800,-8.77
-31749,-8.1
-31698,-9.32
-31649,-7.72
-31601,-8.12
-31552,-8.14
-31503,-8.47
-31454,-8.06
-31405,-8.3
-31359,-7.48
-31312,-7.76
-31265,-8.06
-31218,-7.53
-31171,-7.93
-31123,-8.03
-31074,-8.18
-31023,-8.74
-30971,-9.25
-30919,-8.59
-30866,-9.24
-30811,-9.88
-30757,-9.31
-30702,-9.46
-30648,-9.77
-30595,-9.16
-30546,-8.09
-30498,-7.95
-30449,-9.02
-30400,-7.78
-30352,-8.38
-30303,-8.2
-30253,-8.81
-30204,-8.31
-30154,-8.64
-30105,-8.4
-30062,-6.9
-30015,-8.12
-29969,-7.07
-29921,-8.5
-29871,-8.88
-29823,-8.3
-29775,-7.5
-29723,-9.19
-29668,-10.36
-29614,-8.92
-29561,-9.87
-29509,-8.9
-29458,-9.07
-29406,-8.91
-29353,-9.42
-29297,-10.04
-29244,-9.47
-29191,-9.29
-29135,-9.93
-29082,-9.51
-29033,-8.52
-28983,-8.77
-28934,-8.69
-28887,-7.57
-28838,-8.87
-28788,-8.87
-28737,-8.87
-28687,-8.88
-28636,-8.88
-28584,-9.29
-28533,-9.19
-28481,-9.19
-28430,-9.06
-28380,-8.61
-28327,-9.94
-28277,-8.31
-28227,-9.19
-28174,-9.25
-28121,-10.03
-28070,-8.4
-28017,-9.85
-27965,-9.38
-27912,-9.44
-27858,-9.82
-27808,-8.9
-27761,-8.36
-27715,-7.82
-27668,-8.33
-27620,-8.42
-27573,-8.35
-27524,-8.42
-27475,-8.88
-27425,-9.42
-27378,-7.93
-27333,-7.55
-27286,-8.6
-27242,-7.39
-27195,-8.23
-27149,-8.1
-27102,-8.26
-27054,-8.72
-27006,-8.28
-26958,-8.88
-26909,-8.35
-26859,-9.27
-26809,-8.91
-26759,-9.14
-26708,-9.46
-26658,-8.87
-26610,-8.59
-26562,-8.61
-26515,-8.69
-26469,-7.84
-26423,-8.2
-26374,-8.89
-26325,-8.71
-26274,-9.42
-26220,-9.93
-26169,-9.42
-26118,-9.15
-26064,-10.22
-26011,-9.87
-25962,-8.81
-25914,-8.38
-25864,-9.4
-25815,-8.94
-25767,-8.61
-25723,-7.71
-25678,-7.86
-25628,-9.14
-25573,-10.51
-25525,-8.69
-25475,-9.03
-25427,-9.25
-25383,-6.91
-25337,-8.84
-25290,-8.28
-25242,-8.79
-25192,-9.22
-25140,-9.93
-25087,-9.7
-25035,-9.75
-24983,-9.59
-24930,-10.13
-24878,-9.72
-24827,-9.48
-24777,-9.05
-24724,-10.11
-24670,-10.19
-24617,-9.96
-24566,-9.59
-24515,-9.34
-24463,-9.94
-24414,-9.02
-24361,-9.96
-24307,-10.4
-24257,-9.17
-24204,-9.96
-24153,-9.85
-24103,-8.98
-24050,-10.2
-24000,-9.61
-23950,-8.93
-23897,-10.47
-23845,-9.53
-23793,-10.02
-23740,-10.19
-23690,-9.3
-23639,-9.54
-23588,-9.67
-23537,-9.84
-23485,-9.87
-23434,-9.54
-23380,-10.32
-23326,-10.48
-23273,-10.21
-23223,-9.35
-23173,-9.35
-23122,-9.83
-23070,-9.95
-23019,-9.83
-22969,-9.39
-22918,-9.84
-22868,-9.54
-22816,-9.89
-22764,-9.96
-22712,-10.06
-22659,-10.21
-22608,-9.9
-22561,-8.99
-22517,-7.98
-22465,-10.1
-22413,-10.07
-22364,-9.33
-22313,-9.76
-22266,-9.0
-22218,-9.05
-22169,-9.4
-22119,-9.68
-22065,-10.58
-22015,-9.52
-21966,-9.62
-21914,-9.95
-21862,-10.39
-21813,-9.36
-21765,-9.29
-21718,-8.95
-21672,-8.64
-21625,-9.05
-21579,-8.88
-21533,-8.69
-21485,-9.28
-21438,-8.95
-21390,-9.36
-21339,-10.25
-21292,-8.79
-21245,-9.19
-21199,-8.99
-21154,-8.23
-21109,-8.84
-21064,-8.43
-21017,-9.11
-20968,-9.55
-20919,-9.73
-20871,-9.39
-20822,-9.62
-20773,-9.36
-20724,-9.98
-20676,-9.0
-20627,-9.92
-20579,-9.22
-20533,-8.74
-20486,-9.41
-20439,-9.14
-20395,-8.36
-20345,-9.91
-20294,-10.04
-20249,-8.81
-20200,-9.67
-20149,-9.98
-20100,-9.82
-20052,-9.45
-20003,-9.6
-19957,-9.14
-19909,-9.42
-19865,-8.47
-19820,-8.72
-19774,-8.96
-19726,-9.57
-19676,-10.12
-19628,-9.64
-19581,-8.9
-19532,-9.71
-19485,-10.1
-19440,-7.92
-19396,-8.59
-19350,-9.2
-19300,-10.04
-19251,-10.02
-19205,-9.06
-19159,-8.74
-19112,-9.52
-19065,-9.25
-19015,-10.14
-18968,-9.39
-18920,-9.47
-18873,-9.41
-18826,-9.36
-18781,-9.03
-18733,-9.64
-18685,-9.65
-18637,-9.49
-18591,-9.31
-18546,-8.83
-18500,-8.92
-18451,-10.18
-18402,-9.72
-18354,-9.69
-18307,-9.53
-18260,-9.22
-18213,-9.79
-18168,-8.71
-18122,-9.46
-18076,-9.04
-18029,-9.4
-17981,-9.81
-17931,-10.43
-17884,-9.51
-17840,-8.53
-17796,-8.84
-17750,-8.94
-17702,-9.93
-17653,-10.19
-17605,-9.37
-17556,-10.19
-17508,-9.62
-17461,-9.75
-17415,-9.16
-17367,-9.96
-17322,-8.91
-17276,-9.55
-17235,-7.81
-17189,-9.34
-17143,-9.54
-17099,-8.52
-17051,-9.89
-17003,-10.43
-16958,-8.44
-16912,-9.34
-16865,-10.12
-16819,-8.84
-16773,-9.69
-16728,-9.02
-16682,-9.36
-16636,-9.61
-16590,-9.21
-16543,-9.92
-16499,-8.56
-16455,-9.26
-16411,-8.67
-16362,-10.35
-16316,-9.4
-16269,-9.51
-16224,-9.36
-16178,-9.41
-16132,-9.45
-16087,-9.18
-16043,-8.94
-15999,-9.25
-15953,-9.21
-15907,-9.64
-15860,-9.82
-15814,-9.54
-15770,-8.87
-15726,-8.9
-15680,-9.74
-15636,-8.97
-15595,-8.13
-15549,-9.7
-15503,-9.47
-15457,-9.47
-15411,-9.54
-15368,-9.08
-15325,-8.39
-15283,-9.11
-15240,-8.4
-15198,-8.5
-15155,-9.37
-15116,-7.4
-15075,-8.66
-15036,-7.38
-14997,-8.38
-14957,-7.8
-14917,-7.74
-14875,-9.0
-14834,-8.23
-14794,-8.11
-14755,-8.21
-14715,-7.37
-14676,-8.83
-14639,-6.82
-14603,-7.15
-14566,-7.44
-14528,-7.05
-14490,-8.15
-14454,-6.86
-14419,-6.75
-14384,-6.79
-14349,-6.76
-14316,-6.12
-14281,-6.44
-14246,-7.41
-14212,-6.22
-14179,-6.07
-14146,-6.1
-14113,-5.94
-14079,-6.76
-14044,-6.9
-14010,-6.46
-13977,-5.96
-13944,-5.91
-13912,-6.66
-13880,-5.39
-13847,-6.18
-13815,-5.82
-13784,-5.62
-13753,-5.32
-13722,-5.61
-13692,-5.25
-13662,-5.39
-13631,-4.8
-13599,-6.37
-13568,-5.19
-13537,-6.01
-13507,-5.35
-13477,-5.11
-13447,-4.75
-13416,-5.7
-13385,-5.74
-13354,-5.51
-13323,-5.66
-13292,-5.47
-13261,-5.72
-13232,-5.16
-13203,-4.76
-13175,-4.36
-13147,-4.5
-13120,-4.17
-13092,-4.05
-13064,-5.09
-13034,-5.1
-13009,-4.54
-12983,-2.3
-12954,-5.52
-12926,-4.25
-12900,-4.02
-12873,-3.62
-12846,-4.29
-12820,-4.04
-12794,-3.62
-12766,-4.44
-12738,-5.03
-12710,-4.22
-12681,-4.94
-12651,-5.42
-12624,-4.2
-12597,-4.59
-12570,-3.55
-12543,-4.17
-12517,-4.17
-12492,-2.71
-12467,-3.78
-12440,-5.32
-12414,-2.52
-12391,-2.96
-12368,-2.5
-12345,-2.69
-12323,-2.16
-12302,-1.93
-12280,-1.02
-12255,-4.14
-12230,-3.43
-12206,-3.0
-12181,-2.71
-12156,-3.27
-12130,-4.48
-12103,-4.05
-12078,-3.98
-12052,-3.24
-12029,-2.64
-12006,-2.82
-11980,-3.49
-11953,-4.23
-11925,-4.68
-11898,-4.6
-11872,-3.15
-11846,-5.07
-11820,-3.06
-11792,-4.43
-11765,-4.78
-11737,-4.18
-11708,-5.03
-11679,-5.06
-11650,-4.98
-11622,-4.83
-11596,-3.88
-11570,-4.46
-11545,-2.76
-11518,-3.97
-11490,-4.92
-11462,-4.49
-11433,-5.06
-11404,-5.31
-11377,-4.28
-11350,-4.12
-11325,-3.57
-11299,-3.6
-11272,-4.6
-11246,-3.94
-11220,-3.47
-11193,-4.27
-11165,-4.7
-11137,-5.17
-11109,-4.61
-11082,-4.05
-11055,-3.85
-11028,-4.58
-11000,-5.04
-10972,-4.82
-10944,-4.41
-10917,-3.56
-10891,-4.74
-10863,-4.1
-10834,-5.53
-10804,-5.28
-10777,-4.19
-10750,-4.35
-10723,-3.88
-10696,-5.15
-10667,-4.65
-10638,-5.17
-10609,-4.91
-10580,-5.5
-10553,-3.86
-10527,-4.14
-10502,-4.1
-10477,-2.76
-10452,-3.17
-10426,-4.91
-10400,-3.49
-10374,-4.4
-10347,-4.23
-10323,-2.23
-10300,-3.61
-10277,-2.12
-10255,-2.63
-10231,-3.81
-10206,-2.97
-10181,-3.03
-10156,-4.44
-10132,-2.91
-10109,-2.57
-10087,-3.02
-10064,-1.96
-10043,-1.99
-10022,-1.69
-9999,-2.64
-9977,-2.78
-9955,-1.84
-9934,-2.11
-9913,-1.86
-9891,-2.09
-9870,-1.85
-9848,-2.48
-9829,-1.3
-9810,0.07
-9792,-0.88
-9773,-0.5
-9754,-1.29
-9736,0.07
-9717,-1.06
-9699,0.01
-9681,-1.05
-9662,-0.19
-9643,-1.15
-9623,-1.16
-9604,-0.92
-9585,-1.33
-9566,-0.73
-9549,0.28
-9532,0.79
-9515,0.14
-9498,0.42
-9480,-0.37
-9461,-0.77
-9442,-1.59
-9423,-0.78
-9404,-1.77
-9386,1.11
-9369,1.29
-9352,-0.95
-9333,-0.32
-9315,-0.61
-9296,-2.15
-9278,-0.29
-9259,0.18
-9242,0.53
-9225,0.37
-9207,-0.93
-9186,-1.62
-9167,-1.41
-9148,-0.47
-9129,-1.14
-9110,-1.45
-9092,-0.08
-9074,0.3
-9056,-0.27
-9039,-0.12
-9019,-0.66
-8999,-1.81
-8981,-0.96
-8963,0.28
-8945,-0.33
-8925,-0.8
-8906,-1.36
-8888,-0.51
-8871,0.25
-8853,-0.22
-8834,-0.35
-8816,-0.96
-8796,-1.08
-8777,-1.01
-8758,-0.84
-8741,-0.77
-8723,0.86
-8705,-0.27
-8687,-0.51
-8668,-0.64
-8649,-0.88
-8630,-0.55
-8612,-0.12
-8593,-1.23
-8577,2.12
-8561,-0.02
-8545,0.41
-8529,1.16
-8512,0.53
-8495,0.31
-8476,-1.53
-8457,-0.71
-8438,-0.47
-8419,-1.27
-8400,0.26
-8381,-1.76
-8363,0.12
-8345,-0.15
-8328,-0.07
-8309,0.61
-8291,-1.38
-8272,-1.08
-8255,-0.2
-8237,0.38
-8219,-0.47
-8201,-0.02
-8184,0.43
-8167,1.39
-8151,0.02
-8133,-1.18
-8115,0.29
-8097,-0.2
-8079,0.32
-8062,0.26
-8044,-0.75
-8026,-0.36
-8007,0.35
-7989,-0.97
-7970,-0.65
-7952,0.15
-7934,-0.61
-7916,0.68
-7897,-1.57
-7878,-0.2
-7859,-0.13
-7839,-2.4
-7822,0.62
-7805,1.33
-7788,-0.07
-7771,0.45
-7754,0.01
-7736,-0.04
-7719,1.11
-7702,-0.38
-7683,-0.08
-7664,-1.16
-7646,-0.1
-7628,0.79
-7611,-0.75
-7592,0.04
-7573,-1.11
-7554,-0.33
-7534,-2.02
-7514,-0.48
-7497,0.48
-7480,0.36
-7462,0.24
-7444,-0.33
-7426,-0.14
-7407,-0.57
-7388,-0.45
-7369,-0.28
-7351,-0.04
-7331,-1.57
-7312,-0.99
-7292,-0.51
-7274,0.54
-7257,0.11
-7237,-1.42
-7218,-0.06
-7197,-1.9
-7176,-2.56
-7155,-0.49
-7136,-0.49
-7116,-1.09
-7097,-0.59
-7077,-0.94
-7058,-0.67
-7038,-1.49
-7019,-0.1
-7000,0.05
-6981,-1.13
-6961,-0.86
-6941,-0.86
-6922,-0.9
-6902,-0.19
-6883,-0.93
-6861,-1.62
-6840,-2.0
-6820,-0.44
-6800,-1.29
-6780,-0.84
-6759,-1.55
-6738,-1.6
-6718,-0.7
-6698,-1.13
-6679,-1.22
-6659,0.02
-6639,-1.54
-6620,-0.81
-6600,0.38
-6579,-0.74
-6558,-2.79
-6538,-0.85
-6518,-0.7
-6498,-0.74
-6477,-1.4
-6455,-1.89
-6433,-1.69
-6411,-2.4
-6390,-1.24
-6369,-1.26
-6348,-1.43
-6327,-1.35
-6306,-0.77
-6285,-1.71
-6263,-1.31
-6241,-2.25
-6218,-2.54
-6195,-2.04
-6174,-1.4
-6154,-0.65
-6133,-1.13
-6110,-3.09
-6088,-0.87
-6066,-2.19
-6045,-1.25
-6024,-1.41
-6003,-1.24
-5983,-1.06
-5963,-0.56
-5944,0.26
-5924,-0.34
-5904,-1.49
-5883,-1.47
-5862,-1.04
-5842,-2.03
-5823,0.47
-5803,0.79
-5783,-1.14
-5764,-1.88
-5745,0.43
-5726,-0.46
-5705,-0.82
-5683,-1.71
-5664,-1.14
-5645,0.83
-5626,-0.71
-5607,0.7
-5589,-0.93
-5569,0.03
-5548,-0.93
-5528,-1.77
-5507,-1.53
-5486,-0.24
-5464,-1.69
-5442,-1.84
-5421,-1.04
-5399,-2.1
-5380,-0.81
-5361,0.88
-5342,-0.4
-5320,-1.43
-5299,-1.56
-5278,-1.82
-5256,-0.93
-5233,-1.32
-5210,-3.0
-5189,-1.91
-5168,-0.39
-5147,-1.16
-5126,-1.11
-5106,-0.66
-5084,-0.94
-5063,-1.44
-5044,-0.29
-5024,-0.49
-5003,-1.23
-4983,-0.8
-4963,-0.73
-4945,0.99
-4927,-0.25
-4908,0.75
-4888,-0.59
-4868,-1.07
-4847,-1.2
-4825,-1.31
-4805,-1.47
-4785,-0.28
-4765,0.23
-4745,0.6
-4725,-2.0
-4704,-1.5
-4683,-0.22
-4662,-2.27
-4640,-0.71
-4620,-1.27
-4600,-0.48
-4581,0.81
-4559,-1.34
-4537,-1.78
-4518,-0.14
-4499,0.79
-4480,-0.47
-4459,-0.76
-4438,-1.37
-4417,-0.38
-4396,-1.55
-4376,-1.3
-4356,-0.19
-4336,0.27
-4315,-1.23
-4295,-0.68
-4275,0.03
-4255,-0.71
-4236,-0.51
-4216,-0.93
-4197,0.8
-4177,-1.52
-4157,0.49
-4137,0.06
-4117,-0.8
-4097,-0.4
-4078,-0.02
-4059,0.45
-4039,-0.5
-4017,-1.54
-3996,-0.71
-3976,-0.89
-3955,-0.54
-3937,0.32
-3918,0.57
-3900,0.29
-3881,-0.98
-3861,1.01
-3843,0.91
-3824,-0.72
-3806,1.38
-3786,-0.77
-3767,0.57
-3747,-0.97
-3727,-0.24
-3707,-0.1
-3687,-0.75
-3667,0.1
-3648,-0.26
-3630,1.23
-3611,0.0
-3589,-0.82
-3566,-2.19
-3545,-1.3
-3524,-0.06
-3503,-1.28
-3480,-1.08
-3459,-2.14
-3439,0.54
-3420,0.03
-3401,-0.26
-3382,0.68
-3362,-0.21
-3343,0.69
-3323,-0.26
-3303,-1.38
-3282,-0.17
-3262,-0.47
-3243,0.26
-3225,0.58
-3206,0.56
-3187,0.25
-3168,-0.13
-3147,-0.24
-3127,-0.95
-3107,0.36
-3087,-0.29
-3068,-0.32
-3047,-0.66
-3028,-0.5
-3008,0.98
-2989,0.37
-2970,-0.03
-2951,-0.16
-2932,0.25
-2913,0.67
-2892,-0.32
-2871,-1.16
-2851,-0.37
-2831,-0.28
-2810,-1.21
-2791,-0.76
-2771,0.94
-2751,-0.38
-2731,-0.16
-2711,-0.01
-2692,-0.56
-2672,0.27
-2652,0.16
-2632,0.01
-2612,-0.8
-2592,-0.4
-2571,-0.7
-2553,0.78
-2534,-0.39
-2515,1.33
-2495,0.35
-2476,-0.9
-2456,-0.32
-2437,0.04
-2417,0.29
-2397,0.0
-2376,-1.03
-2357,-0.48
-2338,1.36
-2319,-0.2
-2300,1.31
-2281,0.67
-2262,-1.57
-2243,0.5
-2223,0.06
-2204,-0.42
-2184,-0.59
-2165,0.82
-2145,0.89
-2126,-1.16
-2107,0.81
-2088,0.78
-2069,-0.59
-2049,-0.56
-2030,0.4
-2010,-0.41
-1990,-0.19
-1970,-0.52
-1950,-0.12
-1931,0.72
-1911,-0.92
-1892,-0.7
-1872,0.26
-1852,0.08
-1833,1.07
-1814,-1.57
-1796,1.26
-1777,1.36
-1759,-1.02
-1741,1.03
-1722,0.62
-1704,0.17
-1686,0.77
-1668,0.92
-1648,-0.67
-1628,0.16
-1609,-0.29
-1591,0.15
-1572,1.35
-1553,-1.04
-1534,0.46
-1515,-0.02
-1495,-0.18
-1475,-0.44
-1455,-0.28
-1435,-0.01
-1415,-1.44
-1396,-0.71
-1376,0.7
-1357,-1.05
-1337,-0.74
-1317,0.47
-1297,-1.76
-1277,-0.82
-1257,0.62
-1236,-1.3
-1215,-0.91
-1197,-1.46
-1179,1.27
-1160,0.95
-1142,0.63
-1124,-0.03
-1106,0.15
-1087,0.1
-1069,-0.51
-1050,-0.01
-1030,-0.91
-1011,-0.34
-993,0.29
-974,0.57
-956,-1.0
-938,-0.64
-920,0.04
-902,1.12
-885,1.12
-868,1.32
-851,0.01
-834,0.91
-817,0.81
-800,0.89
-783,1.29
-765,-0.88
-747,-0.2
-728,-0.56
-709,-0.19
-692,0.09
-675,0.85
-657,0.37
-639,-0.77
-621,0.51
-603,-0.11
-585,0.92
-568,-0.45
-550,0.16
-531,-0.63
-513,-0.65
-493,0.0
-474,-0.78
-455,-1.97
-435,-0.94
-417,-0.83
-397,-0.63
-377,-1.41
-356,-2.05
-339,0.17
-321,-0.35
-303,0.3
-287,0.86
-269,0.2
-252,-0.46
-234,-0.48
-215,-1.02
-197,-0.34
-180,-0.64
-163,0.44
-145,-0.74
-128,-0.7
-111,1.62
-94,-0.92
-75,-0.02
-57,-1.08
-40,-0.73
-23,-0.3
-6,0.18
12,-0.38
28,0.01
45,0.0
61,1.79
77,-1.06
94,0.35
111,-0.99
128,-1.04
146,0.25
163,-1.41
179,0.55
196,0.1
213,-0.11
230,-0.56
248,-0.81
264,0.35
280,0.42
296,-1.24
313,0.73
329,-0.84
346,-1.15
362,0.24
378,0.04
394,-0.92
409,0.9
425,-0.27
440,-0.54
456,-0.32
471,-0.93
487,1.04
502,-0.45
518,-0.7
534,-0.48
549,-0.02
563,-0.17
577,0.89
591,1.55
605,-0.17
620,0.89
634,0.22
648,1.23
663,-0.3
677,-0.16
692,0.27
706,0.37
721,0.58
735,-0.54
749,0.88
762,1.03
776,0.93
789,-0.34
803,-0.9
817,1.55
832,-0.54
846,0.72
861,-0.8
875,-0.75
889,0.36
903,0.99
918,0.14
931,-0.95
945,-0.44
960,-0.4
974,0.38
989,-0.75
1003,-0.55
1018,-0.67
1033,-1.03
1047,0.92
1061,-1.41
1075,0.59
1088,-1.03
1101,1.5
1113,1.17
1125,0.94
1138,0.56
1151,0.03
1164,0.32
1178,-0.16
1191,-0.1
1206,-0.91
1221,-1.44
1235,-0.96
1249,-0.49
1263,-0.63
1278,-0.61
1292,-0.96
1305,0.27
1318,0.98
1331,1.46
1344,-0.81
1356,-0.87
1369,1.4
1382,-0.77
1395,0.7
1408,1.26
1421,-0.36
1434,-0.85
1447,-2.36
1460,0.42
1472,-0.8
1484,-0.56
1496,0.14
1508,0.16
1520,-1.73
1531,0.21
1543,-0.12
1555,-0.47
1567,-1.53
1579,-0.9
1591,-0.67
1603,0.03
1614,-0.59
1626,-0.41
1638,-1.22
1649,0.16
1661,-0.34
1672,-1.41
1683,-0.14
1695,-0.02
1705,0.71
1716,0.84
1727,0.42
1738,-2.44
1748,0.51
1759,-1.23
1769,-0.72
1779,0.28
1789,1.05
1800,-0.4
1810,0.38
1821,-1.11
1831,-0.55
1840,0.79
1850,-0.52
1859,0.05
1868,0.05
1877,-0.42
1880,-0.17
1881,-0.09
1882,-0.11
1883,-0.18
1884,-0.28
1885,-0.33
1886,-0.31
1886,0.35
1887,-0.36
1888,-0.17
1889,-0.11
1890,-0.35
1891,-0.22
1892,-0.27
1893,-0.31
1894,-0.3
1895,3.04
1895,-0.22
1896,-0.11
1897,-0.1
1898,-0.27
1899,-0.17
1900,-0.08
1901,-0.15
1902,-0.28
1903,-0.37
1903,1.84
1904,-0.47
1905,-0.26
1906,-0.22
1907,-0.38
1908,-0.43
1909,-0.48
1910,-0.43
1911,-0.44
1912,0.88
1912,-0.36
1913,-0.34
1914,-0.15
1915,-0.14
1916,-0.36
1917,-0.46
1918,-0.29
1919,-0.27
1919,
1920,-0.27
1921,-0.18
1922,-0.28
1923,-0.26
1924,-0.27
1925,-0.22
1926,-0.1
1927,-0.21
1928,
1928,-0.2
1929,-0.36
1930,-0.15
1931,-0.09
1932,-0.15
1933,-0.28
1934,-0.12
1935,-0.19
1936,-0.14
1936,
1937,-0.02
1938,0.0
1939,-0.01
1940,0.13
1941,0.19
1942,0.07
1943,0.09
1944,0.21
1945,
1945,0.09
1946,-0.07
1947,-0.02
1948,-0.1
1949,-0.11
1950,-0.17
1951,-0.07
1952,0.01
1953,
1953,0.08
1954,-0.13
1955,-0.14
1956,-0.19
1957,0.05
1958,0.06
1959,0.03
1960,-0.02
1961,0.06
1961,
1962,0.03
1963,0.05
1964,-0.2
1965,-0.11
1966,-0.06
1967,-0.02
1968,
1968,-0.08
1969,0.05
1970,0.03
1971,-0.08
1972,0.01
1973,0.16
1974,-0.07
1975,
1975,-0.01
1976,-0.1
1977,0.18
1978,0.07
1979,0.16
1980,0.26
1981,0.32
1982,0.14
1982,
1983,0.31
1984,0.16
1985,0.12
1986,0.18
1987,
1987,0.32
1988,0.39
1989,0.27
1990,0.45
1991,0.41
1992,0.22
1993,0.23
1994,0.31
1994,
1995,0.45
1996,0.33
1997,0.46
1998,0.61
1999,0.38
2000,0.39
2000,
2001,0.54
2002,0.63
2003,0.62
2004,0.53
2005,0.68
2006,0.64
2007,0.66
2008,0.54
2009,0.66
2010,0.72
2011,0.61
2012,0.65
2013,0.68
2014,0.75
2015,0.9
2016,1.02
2017,0.92
2018,0.85
2019,0.98
2020,1.02
2021,0.85
2022,0.89
