year,co2
-803719,207.29
-803182,202.23
-802573,204.86
-802060,207.5
-801975,202.92
-801759,202.65
-800922,198.66
-799286,198.68
-796731,200.49
-796562,191.0
-795429,197.91
-795149,188.4
-794903,198.79
-794517,189.3
-793737,204.62
-793252,195.2
-793172,208.79
-792658,199.4
-791903,218.39
-791569,213.36
-791310,209.0
-790993,204.0
-790667,214.45
-790131,205.1
-790081,224.69
-789541,215.4
-789107,230.55
-788689,227.38
-788588,221.3
-788203,218.2
-788003,235.49
-787544,238.64
-787431,226.3
-786937,229.5
-786742,257.02
-786529,257.2
-786083,247.9
-785855,248.1
-785854,266.0
-785406,269.36
-785126,256.9
-784637,260.3
-784613,264.35
-784240,262.23
-783839,255.4
-783569,259.66
-783463,253.3
-783084,255.85
-782742,250.7
-782312,260.92
-782197,246.9
-781313,252.1
-781249,255.02
-780778,257.44
-780109,246.2
-779937,251.51
-779613,257.21
-779585,248.7
-778769,252.52
-778662,242.8
-778318,248.5
-778239,254.43
-777418,254.69
-777414,243.9
-777108,254.93
-776848,245.8
-776283,252.46
-775950,246.1
-775732,247.3
-775606,246.3
-774833,248.92
-774686,243.9
-774382,245.32
-774087,238.8
-773588,241.74
-773101,240.5
-773009,238.39
-772598,236.9
-772094,239.23
-771734,237.78
-771730,233.3
-771300,246.03
-771093,230.0
-771046,243.85
-770788,246.49
-770525,243.89
-770225,239.71
-770126,230.9
-769863,234.24
-769758,229.5
-769569,236.32
-769310,237.7
-769071,229.56
-769044,235.6
-768774,238.2
-768649,230.63
-768497,235.6
-768183,231.5
-767837,226.0
-767701,225.87
-767564,228.1
-767111,221.64
-767100,221.4
-766705,222.4
-766167,223.82
-765797,224.86
-765787,217.7
-765146,213.5
-764859,230.62
-764238,232.12
-764160,215.7
-763901,229.41
-763785,216.8
-763637,233.66
-763232,222.93
-762883,222.6
-762727,223.89
-762299,224.1
-761984,221.4
-761821,219.95
-761736,225.7
-761369,215.0
-761152,214.0
-760921,216.0
-760216,214.69
-760114,212.0
-759914,216.64
-759503,206.1
-758990,222.71
-758566,225.62
-758550,206.9
-758252,208.8
-758158,225.37
-757928,223.02
-757612,226.94
-757356,214.9
-757186,222.72
-756933,217.9
-756525,217.6
-756412,218.35
-756309,215.3
-756012,219.2
-755835,213.61
-755611,215.0
-754921,210.7
-754901,209.45
-754616,208.1
-754407,206.0
-753637,203.3
-753545,201.9
-753291,200.5
-753165,199.05
-752444,195.8
-752034,191.5
-751985,203.9
-751539,195.43
-751028,196.5
-750655,188.0
-750616,197.5
-750024,193.55
-749880,190.1
-749351,186.2
-749086,191.3
-748756,192.08
-748526,184.0
-748244,184.8
-747864,190.17
-747451,182.9
-747313,188.68
-746963,181.4
-746387,187.54
-746151,180.4
-745990,187.95
-745809,180.8
-745227,187.92
-745160,180.8
-744693,183.1
-744670,190.24
-743886,180.2
-743721,187.29
-742893,182.0
-742573,188.97
-742404,181.2
-742009,188.18
-741639,180.4
-741283,181.7
-741112,187.33
-740695,188.65
-740608,182.3
-740125,177.9
-739924,189.14
-739380,184.77
-739357,176.6
-739071,178.6
-738511,183.39
-738327,178.9
-738156,185.4
-737892,185.0
-737225,185.61
-737187,197.8
-736894,200.3
-736631,191.74
-736322,206.5
-735939,210.6
-735710,204.52
-735320,206.92
-735316,211.3
-735084,208.1
-734572,213.14
-734510,209.7
-734157,217.19
-734129,204.1
-733509,201.3
-733460,217.88
-733217,201.7
-733185,214.66
-732654,207.4
-732513,216.15
-732273,205.3
-732072,210.6
-731593,204.4
-731379,207.72
-731311,203.9
-731044,208.11
-730598,205.9
-730372,213.73
-730191,203.8
-729911,211.62
-729379,204.9
-729234,210.7
-728999,204.1
-728958,210.16
-728349,204.0
-728310,212.17
-727887,210.01
-727038,211.08
-726971,205.4
-726644,210.24
-726618,205.1
-725948,210.07
-725782,205.5
-725242,204.5
-724627,211.43
-724372,208.1
-724300,211.08
-723987,206.6
-723524,211.49
-723109,206.3
-723025,210.48
-722495,210.3
-722192,214.01
-721830,212.55
-721514,213.2
-721183,213.4
-721045,212.11
-720556,216.1
-720089,211.3
-719740,218.96
-719458,219.2
-719368,206.3
-718641,217.04
-718387,195.2
-718137,212.03
-717844,187.8
-717337,200.82
-716829,184.3
-716828,193.46
-716114,192.9
-716005,189.88
-715398,198.43
-715115,205.0
-714754,208.1
-714636,210.51
-714360,213.6
-713800,222.1
-713615,227.58
-713230,217.7
-713166,223.14
-712454,227.08
-712338,221.7
-712116,227.64
-711893,222.3
-711362,223.89
-710883,218.5
-710294,224.0
-710071,224.12
-709471,218.7
-709449,225.39
-709154,218.9
-709033,224.9
-708506,227.03
-708287,220.2
-707960,230.51
-707730,219.7
-707504,231.43
-707009,234.84
-706463,233.11
-706250,233.58
-705694,233.51
-705361,238.85
-704761,236.05
-704543,236.05
-704459,228.1
-704191,228.6
-704103,237.66
-703777,237.18
-703460,228.5
-703294,235.09
-703103,234.04
-703023,233.9
-702632,233.54
-702301,232.83
-702261,231.2
-701984,231.2
-701846,232.28
-701519,233.35
-701434,232.8
-701060,230.59
-701038,232.4
-700784,232.18
-700431,230.3
-700251,232.16
-700208,229.3
-700043,230.88
-699656,228.8
-699575,232.46
-699319,235.42
-699292,228.2
-698865,236.61
-698794,227.6
-698535,236.72
-698439,228.7
-698154,237.21
-697959,226.0
-697915,239.73
-697683,227.6
-697489,239.01
-697266,238.86
-697152,227.7
-696930,226.4
-696803,241.83
-696556,240.9
-696436,228.0
-696170,231.0
-696089,241.03
-695797,239.88
-695710,232.2
-695392,238.42
-695381,232.4
-695140,239.44
-695013,232.9
-694767,235.4
-694695,238.13
-694485,238.05
-694337,234.8
-694112,234.6
-694032,238.74
-693782,236.8
-693668,237.6
-693433,236.7
-693309,239.8
-692999,239.31
-692991,236.9
-692722,235.8
-692587,240.46
-692350,234.4
-692330,239.34
-692118,235.4
-691871,237.76
-691689,234.1
-691624,243.7
-691483,234.1
-691127,238.47
-691040,234.8
-690882,239.3
-690815,232.9
-690388,235.9
-690368,243.56
-690107,235.5
-690018,239.38
-689722,236.6
-689518,238.42
-689482,235.6
-689272,239.29
-689049,234.0
-688821,240.0
-688786,236.45
-688525,235.8
-688344,234.8
-688107,235.6
-688001,232.27
-687743,232.07
-687653,239.9
-687354,235.8
-687208,230.67
-686931,234.9
-686860,227.64
-686702,235.8
-686350,227.65
-686245,233.0
-686050,226.73
-685999,232.3
-685520,228.8
-685496,222.97
-685277,228.7
-685204,222.7
-684776,227.3
-684632,222.62
-684475,224.3
-684319,220.63
-684030,224.4
-683766,223.5
-683730,220.62
-683345,221.82
-683267,219.7
-682999,219.5
-682808,224.36
-682474,225.64
-682469,219.4
-682192,217.5
-681879,222.7
-681662,217.5
-681508,220.24
-681312,218.7
-680812,221.3
-680790,219.14
-680496,222.6
-680394,221.31
-679899,219.7
-679720,227.9
-679581,217.3
-679276,225.81
-678970,216.2
-678678,233.11
-678658,218.4
-678363,233.61
-678131,225.0
-677785,232.7
-677782,223.0
-677505,229.16
-677302,230.3
-676964,230.8
-676792,220.09
-676378,218.21
-676341,230.0
-676034,226.5
-675651,216.59
-675430,217.4
-675202,219.96
-675118,215.6
-674581,222.57
-674574,214.0
-674220,217.4
-673639,220.0
-673457,216.12
-673078,211.69
-672571,213.7
-672279,204.67
-672223,209.2
-671746,201.12
-671525,202.3
-671145,198.7
-670811,197.13
-670436,194.8
-670201,194.79
-669976,192.5
-669508,196.83
-669336,194.6
-669121,194.88
-668966,192.6
-668346,191.51
-668226,189.3
-667869,187.66
-667801,185.5
-666984,178.5
-666966,180.67
-666497,175.6
-666465,177.71
-665619,171.6
-665460,173.71
-665045,172.7
-664803,174.77
-664224,178.5
-663887,180.54
-663695,178.2
-663372,180.17
-662740,185.8
-662458,187.77
-662370,192.55
-662242,189.1
-661988,191.02
-661256,189.0
-660928,190.86
-660847,193.91
-660719,187.8
-660332,189.69
-659700,189.8
-659266,191.59
-659168,193.97
-659031,186.6
-658514,188.43
-658134,183.9
-657574,182.4
-657462,185.68
-657344,187.38
-656814,184.1
-656524,189.2
-655973,191.3
-655772,190.88
-655704,189.23
-655231,192.93
-654932,198.7
-654336,198.4
-654183,200.35
-653574,200.0
-653252,193.2
-652523,191.3
-652489,194.82
-651780,192.87
-651498,185.3
-650852,185.8
-650759,186.79
-650154,187.27
-649606,192.0
-648997,193.44
-648941,187.8
-648398,189.25
-647648,194.8
-647241,196.17
-646996,192.1
-646662,193.48
-645638,190.5
-645305,191.85
-644773,188.6
-644427,189.89
-643520,194.6
-643201,195.82
-642712,194.1
-642351,195.31
-641254,190.4
-640907,191.56
-640455,190.2
-640125,191.38
-638810,189.1
-638422,190.18
-637898,187.7
-637468,188.85
-636177,194.3
-635764,195.33
-635007,193.0
-634572,194.0
-633539,193.9
-633059,194.86
-632931,195.95
-632642,192.1
-632128,193.1
-630906,195.6
-630407,196.5
-630051,199.5
-629576,200.46
-628345,199.9
-627916,200.78
-627820,205.27
-627496,198.7
-627190,199.52
-626049,205.0
-625880,205.76
-625261,214.9
-625019,215.71
-624265,227.8
-624098,228.51
-623620,234.3
-623448,235.02
-622740,237.3
-622547,237.93
-621264,238.6
-621105,239.19
-621001,243.89
-619810,243.0
-619701,243.53
-618388,245.4
-618334,245.89
-617005,247.9
-617004,248.29
-615660,252.64
-615594,252.3
-614407,252.73
-614349,252.9
-614277,252.4
-613191,252.75
-612973,252.5
-611993,256.19
-611759,256.0
-610812,258.14
-610564,258.0
-609651,259.68
-609601,257.82
-609369,259.6
-608480,257.74
-608186,257.7
-607297,259.22
-606979,259.2
-606029,254.58
-605758,254.6
-604676,248.48
-604424,248.5
-603353,244.53
-603126,244.5
-601999,239.14
-601723,239.1
-600651,237.86
-600328,237.9
-599305,232.45
-598932,232.5
-597865,229.38
-597484,229.4
-597268,225.97
-596883,226.0
-596380,219.02
-596016,219.0
-595854,216.27
-595493,216.3
-594841,216.44
-594565,216.4
-594272,221.22
-594000,221.2
-593486,232.92
-593239,232.9
-592914,237.98
-592689,238.0
-592097,238.15
-591920,238.1
-591611,233.16
-591465,233.2
-590836,229.39
-590747,229.4
-590433,225.68
-590329,225.7
-589069,237.38
-588943,237.4
-588539,243.56
-588385,243.6
-588090,248.1
-587918,248.1
-587475,250.2
-587274,250.2
-586991,246.35
-586766,246.3
-586329,238.78
-586084,238.8
-585939,234.4
-585697,234.4
-585222,225.99
-584943,226.0
-584771,223.96
-584456,224.0
-582009,210.64
-581624,206.68
-581463,210.6
-581084,206.7
-580886,209.88
-580505,215.45
-580441,209.9
-580050,215.4
-579978,219.41
-579597,225.21
-579557,219.4
-579210,225.2
-579169,230.26
-578864,236.17
-578745,230.3
-578452,243.81
-578450,236.2
-578260,244.14
-578069,243.8
-577883,251.47
-577871,244.1
-577485,251.5
-577331,252.92
-576907,252.9
-576792,249.06
-576355,249.1
-576246,251.08
-575819,251.1
-575704,251.34
-575292,251.3
-575165,251.3
-574773,251.3
-574649,252.9
-574272,252.9
-574163,252.54
-573780,252.5
-573705,248.86
-573315,248.9
-573284,252.08
-572856,251.86
-572853,252.1
-572415,251.77
-572403,251.9
-571963,248.72
-571952,251.8
-571526,249.19
-571512,248.7
-571104,247.66
-571087,249.2
-570720,246.31
-570669,247.7
-570366,250.3
-570240,246.3
-570025,251.6
-569825,250.3
-569683,249.6
-569417,251.6
-569311,251.8
-569005,249.6
-568912,251.8
-568598,251.8
-568513,251.3
-568189,251.8
-568117,250.0
-567778,251.3
-567734,251.3
-567381,250.0
-567365,250.2
-566996,251.3
-566980,253.0
-566606,250.2
-566584,252.8
-566254,253.9
-566217,253.0
-565935,253.2
-565827,252.8
-565599,254.5
-565431,253.9
-565289,253.9
-565057,253.2
-564968,254.3
-564669,254.5
-564639,253.7
-564295,251.4
-564283,253.9
-563946,252.6
-563901,254.3
-563589,252.4
-563516,253.7
-563184,251.4
-563127,251.4
-562774,247.6
-562749,252.6
-562361,245.8
-562361,252.4
-561978,245.7
-561968,251.4
-561586,242.3
-561567,247.6
-561185,240.1
-561165,245.8
-560740,245.7
-560706,234.1
-560360,234.6
-560322,242.3
-559938,231.9
-559896,240.1
-559501,231.6
-559359,234.1
-559016,228.3
-558980,234.6
-558509,231.9
-558487,230.3
-558022,231.6
-557923,230.2
-557687,229.7
-557511,228.3
-557366,234.5
-556979,230.3
-556828,238.1
-556443,230.2
-556356,240.4
-556233,229.7
-556205,245.6
-555937,234.5
-555888,250.5
-555707,244.0
-555435,249.1
-555435,238.1
-555249,243.0
-554973,241.0
-554939,240.4
-554774,245.6
-554457,233.9
-554414,250.5
-554193,244.0
-553892,226.7
-553889,249.1
-553687,243.0
-553395,241.0
-553208,224.3
-552881,233.9
-552530,223.6
-552304,226.7
-551859,220.3
-551676,224.3
-551669,222.1
-551296,226.3
-551071,222.3
-551011,223.6
-550732,221.7
-550300,220.3
-550161,219.9
-550029,222.1
-549502,226.3
-549431,215.2
-549174,222.3
-548687,221.7
-548633,213.6
-548281,208.8
-547880,219.9
-547770,202.5
-546983,215.2
-546821,204.6
-546022,213.6
-545857,209.7
-545623,208.8
-545063,202.5
-544880,209.6
-544006,204.6
-543915,210.3
-542936,208.1
-542854,209.7
-541895,203.6
-541726,209.6
-540790,205.0
-540552,210.3
-539704,211.2
-539395,208.1
-538634,212.9
-538204,203.6
-537564,206.4
-537009,205.0
-536491,205.0
-535820,211.2
-535384,199.4
-534672,212.9
-534228,199.8
-533745,190.5
-533533,206.4
-533094,193.8
-532718,195.1
-532414,205.0
-531982,200.0
-531604,204.4
-531296,199.4
-531038,211.4
-530643,214.5
-530169,199.8
-530129,220.7
-529712,190.5
-529251,220.3
-529085,193.8
-528735,195.1
-528341,221.2
-528066,200.0
-527690,204.4
-527453,222.7
-527151,211.4
-526797,214.5
-526567,224.7
-526312,220.7
-525749,227.8
-525504,220.3
-524946,230.3
-524711,221.2
-524157,233.7
-523958,222.7
-523387,235.8
-523214,224.7
-522621,236.8
-522459,227.8
-521852,241.9
-521716,230.3
-520973,233.7
-520266,235.8
-519624,243.5
-519602,236.8
-518942,241.9
-518872,245.5
-518123,247.7
-517379,245.3
-517015,243.5
-516650,245.5
-516384,245.5
-515926,246.2
-515756,247.7
-515205,247.2
-515119,245.3
-514471,243.0
-514467,245.5
-513821,246.2
-513701,241.5
-513163,247.2
-512898,239.2
-512479,243.0
-512083,238.2
-511774,241.5
-511255,242.0
-511047,239.2
-510414,235.2
-510319,238.2
-509565,242.0
-509562,236.4
-508815,235.2
-508702,233.4
-508058,236.4
-507835,240.3
-507297,233.4
-506991,237.0
-506526,240.3
-506168,238.2
-505764,237.0
-505362,236.0
-505061,238.2
-504534,235.5
-504337,236.0
-503734,233.9
-503566,235.5
-502962,234.1
-502827,233.9
-502227,232.2
-502133,234.1
-501469,232.0
-501425,232.2
-500688,231.2
-500675,232.0
-499916,231.2
-499911,230.8
-499180,230.8
-499134,228.2
-498413,228.2
-498355,230.8
-497660,230.8
-497577,230.6
-496915,230.6
-496787,232.8
-496154,232.8
-496016,236.5
-495416,236.5
-495238,236.4
-494658,236.4
-494494,237.6
-493903,237.6
-493776,238.5
-493135,238.5
-493074,238.3
-492361,238.3
-492350,239.1
-491643,239.7
-491557,239.1
-490914,243.7
-490788,239.7
-490205,246.7
-490009,243.7
-489501,243.3
-489241,246.7
-488784,242.6
-488545,249.3
-488495,243.3
-488076,252.8
-487772,242.6
-487770,240.9
-487525,249.3
-487352,242.0
-487046,252.8
-486739,240.9
-486615,237.1
-486318,242.0
-485898,231.3
-485591,237.1
-485179,232.9
-484866,231.3
-484449,233.0
-484093,232.9
-483718,231.2
-483326,233.0
-482986,231.4
-482515,231.2
-482230,231.4
-481699,231.4
-481445,227.3
-480853,231.4
-480631,223.4
-479982,227.3
-479713,223.8
-479085,223.4
-478777,218.8
-478378,220.8
-478158,223.8
-477826,231.3
-477453,236.5
-477194,218.8
-476942,239.1
-476771,220.8
-476174,231.3
-475991,236.6
-475769,236.5
-475212,239.1
-475000,232.8
-474290,236.6
-473975,233.1
-473268,232.8
-473024,241.2
-472212,233.1
-472142,245.6
-471851,243.9
-471268,243.7
-471152,241.2
-470913,232.7
-470313,229.2
-470145,245.6
-469875,218.7
-469813,243.9
-469251,215.5
-469096,243.7
-468776,206.5
-468647,232.7
-468090,205.5
-467991,229.2
-467520,218.7
-466928,203.4
-466860,215.5
-466373,206.5
-465757,204.4
-465652,205.5
-464682,208.1
-464315,203.4
-463652,210.0
-463315,205.2
-462916,204.4
-462649,199.9
-461577,194.4
-461506,208.1
-460464,190.7
-460183,210.0
-459737,205.2
-459336,195.5
-458842,199.9
-458302,202.4
-457480,194.4
-457262,208.3
-456844,203.3
-456258,204.3
-456099,190.7
-455795,199.1
-455164,192.5
-454641,195.5
-454052,193.3
-453329,202.4
-452914,198.4
-452073,208.3
-451826,201.9
-451564,203.3
-450845,204.3
-450786,204.9
-450333,199.1
-449797,201.2
-449643,192.5
-448693,201.7
-448505,193.3
-447621,208.1
-447294,198.4
-446509,203.5
-446153,201.9
-445269,201.1
-445034,204.9
-443879,201.2
-443382,199.1
-442700,201.7
-441895,202.0
-441612,208.1
-440461,203.5
-440281,201.3
-439270,201.1
-438710,201.7
-437615,199.1
-437113,200.3
-436406,202.0
-435535,207.5
-435202,201.3
-434039,201.7
-433990,209.8
-432854,200.3
-432429,207.6
-431900,211.5
-431724,207.5
-430649,209.8
-430229,227.2
-429495,207.6
-429113,211.5
-429074,219.7
-427926,227.2
-427228,242.5
-427056,219.7
-426890,248.2
-425991,252.1
-425616,242.5
-425335,248.2
-425205,255.3
-424672,265.4
-424648,252.1
-424287,270.0
-424025,255.3
-423791,270.8
-423619,265.4
-423292,270.0
-423182,268.3
-422890,270.8
-422558,267.7
-422382,268.3
-421814,267.7
-421276,270.6
-420699,270.6
-420583,266.4
-420124,266.4
-419962,268.6
-419534,268.6
-418752,273.8
-418400,273.8
-418184,271.2
-417858,271.2
-417626,273.7
-417310,273.7
-416555,274.6
-416295,274.6
-416007,271.8
-415748,271.8
-415490,273.4
-415241,273.4
-414475,271.7
-414243,271.7
-413996,276.4
-413767,276.4
-413230,271.6
-413013,271.6
-412261,264.9
-411998,264.9
-411309,274.9
-411012,274.9
-409398,283.5
-409121,283.5
-408504,282.6
-408256,282.6
-407648,274.7
-407433,274.2
-407433,275.2
-406869,284.5
-406650,284.5
-405332,285.6
-405143,285.6
-404593,279.6
-404418,279.6
-403113,280.5
-402977,280.5
-402363,276.5
-402231,276.5
-400910,275.7
-400781,275.7
-400191,283.1
-400050,283.1
-398760,283.2
-398554,283.2
-397976,277.1
-397772,277.1
-396325,276.3
-396136,276.3
-392956,260.7
-392610,260.7
-392054,273.6
-391629,273.6
-391027,259.5
-390594,259.5
-390337,258.1
-389946,266.3
-387996,250.1
-387460,245.8
-386112,255.2
-385875,246.8
-384334,239.1
-384194,259.2
-383448,264.6
-382607,240.0
-382584,258.1
-380981,227.0
-380720,245.8
-379182,246.8
-377746,239.1
-376810,229.6
-376146,240.0
-375085,224.6
-374618,227.0
-373255,214.7
-371508,199.9
-370696,229.6
-369436,201.9
-369140,224.6
-367496,214.7
-366116,206.3
-365906,199.9
-364285,201.9
-363240,201.2
-361435,206.3
-360618,185.8
-359007,201.2
-358734,186.1
-357060,193.0
-356762,185.8
-354948,186.1
-353868,209.2
-353352,193.0
-352463,209.4
-351225,216.2
-350325,209.2
-349726,221.1
-348975,209.4
-347738,216.2
-347189,220.3
-346348,221.1
-345595,211.9
-344371,204.8
-344030,220.3
-343051,205.2
-342496,211.9
-341974,200.7
-341332,204.8
-340842,250.1
-339852,205.2
-338785,234.2
-338506,200.7
-338034,239.6
-337348,250.1
-337041,241.9
-336264,255.7
-335567,270.5
-335441,234.2
-334918,278.6
-334775,239.6
-334428,285.8
-333968,241.9
-333758,278.1
-333337,255.7
-333152,298.6
-332798,270.5
-332594,288.4
-332400,289.1
-332311,278.6
-332048,282.4
-331940,285.8
-331550,273.1
-331430,278.1
-330969,298.6
-330849,272.6
-330512,288.4
-330335,289.1
-330194,271.7
-329994,282.4
-329488,273.1
-329344,265.0
-328790,272.6
-328258,271.7
-328103,275.1
-327525,265.0
-327464,271.9
-326821,270.1
-326271,275.1
-326137,266.1
-325640,271.9
-325486,264.0
-325022,270.1
-324641,266.2
-324371,266.1
-323873,260.5
-323770,264.0
-323057,260.3
-323021,266.2
-322330,260.5
-322217,260.4
-321576,260.3
-321433,257.2
-320817,260.4
-320065,257.2
-319867,249.2
-318966,255.8
-318408,249.2
-317880,233.4
-317530,255.8
-316903,245.2
-316609,233.4
-315983,251.6
-315784,245.2
-315200,272.6
-314947,251.6
-314501,246.8
-314250,272.6
-313708,257.1
-313622,246.8
-312917,257.1
-312886,256.7
-312194,256.7
-312102,251.6
-311464,251.6
-311393,241.9
-310726,241.9
-310643,239.0
-309918,239.0
-309720,237.8
-309063,237.8
-308826,233.2
-308218,233.2
-308061,226.2
-307474,227.8
-307439,226.2
-306794,227.8
-306376,225.8
-305545,225.8
-305513,244.8
-304631,248.6
-304597,244.8
-303828,250.2
-303705,248.6
-303150,240.7
-302951,250.2
-302282,240.7
-302151,240.2
-301276,240.2
-301166,236.0
-300330,236.0
-300134,239.0
-299452,239.0
-299076,236.1
-298522,236.1
-298166,231.0
-297671,231.0
-297426,224.4
-296791,224.4
-296755,217.1
-295971,217.1
-294879,213.1
-293980,213.1
-293414,212.7
-292618,212.7
-292505,206.7
-291829,206.7
-291701,206.0
-291107,206.0
-290868,207.6
-290455,207.6
-289613,217.1
-289417,217.1
-288914,220.4
-288780,220.4
-288234,234.9
-288203,234.9
-286336,231.0
-286283,231.0
-285870,230.4
-285588,230.4
-285494,231.4
-285086,231.4
-284660,226.4
-284178,226.4
-283981,228.0
-283430,228.0
-282485,231.3
-281835,231.3
-280643,223.7
-279808,223.7
-279451,215.3
-278609,211.0
-278319,215.3
-277669,204.5
-277370,211.0
-276641,202.2
-276400,204.5
-275493,193.2
-275411,202.2
-274376,193.2
-274308,198.4
-273400,198.4
-273205,194.1
-272371,194.1
-272214,193.9
-271360,193.9
-271216,190.4
-270361,190.4
-270200,184.7
-269306,184.7
-269086,198.8
-268272,198.8
-267990,194.2
-267204,194.2
-267046,187.2
-266308,188.7
-266231,187.2
-265492,188.7
-265057,211.7
-264376,211.7
-264184,199.9
-263703,199.9
-262634,228.1
-262559,228.1
-260980,214.6
-260867,214.6
-260142,208.9
-260105,208.9
-259344,205.7
-258966,205.7
-258944,209.6
-258403,209.6
-257447,203.9
-256711,203.9
-255958,204.0
-255150,204.0
-255111,201.9
-254359,201.9
-254349,199.0
-253548,199.0
-252637,195.4
-251807,196.7
-251686,195.4
-251004,195.4
-250789,196.7
-250182,213.9
-249914,195.4
-249441,200.2
-249055,213.9
-248183,200.2
-247150,214.7
-245731,214.7
-244920,219.4
-244239,230.4
-243614,236.7
-243491,219.4
-243107,249.9
-242914,230.4
-242632,252.3
-242397,236.7
-242172,263.7
-241906,249.9
-241479,252.3
-241189,280.2
-241121,263.7
-240735,279.0
-240396,280.2
-240057,279.0
-239905,263.2
-239416,263.2
-239383,259.7
-238995,259.7
-238240,252.8
-238023,252.8
-237789,247.4
-237527,247.4
-237437,245.8
-237063,245.8
-237058,245.6
-236608,245.6
-236475,239.1
-235956,243.1
-235918,239.1
-235442,247.4
-235344,243.1
-234901,241.4
-234784,247.4
-234476,252.1
-234164,241.4
-234041,245.2
-233530,252.1
-232867,245.2
-230906,241.6
-230242,233.9
-229180,232.4
-229116,241.6
-228472,233.9
-227622,224.5
-227473,232.4
-226817,233.1
-226489,234.5
-225826,224.5
-225770,235.5
-225077,233.1
-224900,215.7
-224761,234.5
-224310,203.3
-223959,235.5
-222973,215.7
-222322,205.6
-222319,203.3
-221179,208.8
-220590,207.1
-220080,205.6
-219747,216.1
-218986,214.1
-218789,208.8
-218108,207.1
-217166,216.1
-217118,240.5
-216411,214.1
-216251,245.3
-215745,251.1
-215466,251.7
-214915,247.5
-214402,240.5
-214356,242.6
-213962,240.3
-213432,245.3
-213131,241.4
-212844,251.1
-212509,251.7
-212209,251.2
-212034,247.5
-211586,242.6
-211380,243.4
-211320,240.3
-210766,241.4
-210583,257.4
-210129,239.5
-209908,251.2
-209628,246.9
-209108,252.0
-208882,247.2
-208863,243.4
-208225,243.9
-208204,257.4
-208016,244.6
-207867,239.5
-207495,242.2
-207482,246.9
-207132,240.5
-207045,252.0
-206872,230.0
-206853,247.2
-206325,237.2
-206304,243.9
-206159,238.1
-206114,244.6
-205673,231.4
-205594,242.2
-205290,229.4
-205170,240.5
-204947,226.3
-204860,230.0
-204410,228.6
-204194,237.2
-204002,238.1
-203995,232.2
-203626,231.9
-203412,231.4
-203253,244.4
-202958,229.4
-202530,226.3
-201892,247.6
-201887,228.6
-201367,232.2
-200924,231.9
-200794,239.1
-200463,244.4
-199802,250.9
-199213,247.6
-197968,239.1
-197022,250.9
-196988,242.6
-196377,241.2
-195637,226.4
-194229,242.6
-193850,220.0
-193723,241.2
-193176,226.5
-193067,226.4
-191531,220.0
-191124,218.0
-190960,226.5
-190014,220.3
-189304,231.4
-188402,218.0
-187856,231.3
-187126,220.3
-186487,210.7
-186486,231.4
-184747,231.3
-184461,203.4
-182735,210.7
-182421,199.7
-181308,198.1
-180246,217.7
-180096,203.4
-179352,213.2
-178118,199.7
-177923,207.7
-177167,198.1
-176229,217.7
-175780,190.1
-175584,189.4
-175189,213.2
-174903,190.3
-173883,196.0
-173356,207.7
-172492,197.7
-171444,190.1
-171185,189.4
-170484,190.3
-169989,197.8
-169401,196.0
-167564,196.6
-167542,197.7
-166796,183.8
-165964,186.7
-165233,197.8
-164834,190.1
-164193,191.6
-162489,196.6
-162385,196.5
-161908,204.3
-161748,183.8
-161074,186.7
-160278,190.1
-159729,191.6
-158205,187.5
-157993,196.5
-157766,185.5
-157612,204.3
-156716,189.0
-154357,189.38
-153863,187.5
-153445,185.5
-152939,196.3
-152530,189.0
-151825,198.78
-149495,202.35
-149473,200.6
-148645,202.51
-147971,188.9
-147853,191.9
-147516,201.78
-146881,203.0
-146283,195.81
-144158,193.59
-143413,196.9
-142850,196.02
-141701,194.59
-140411,196.51
-140108,190.4
-139010,196.4
-138949,195.6
-138000,192.75
-137667,196.5
-137325,192.3
-136884,198.55
-136235,190.2
-136032,194.2
-135813,199.18
-135683,193.4
-135343,194.3
-134705,201.1
-134617,195.8
-134616,203.74
-134301,202.4
-134061,200.7
-133933,201.7
-133653,198.0
-133257,198.0
-133164,200.4
-133010,204.5
-132572,212.43
-132337,203.7
-132173,208.9
-131826,222.74
-131477,210.6
-131155,220.3
-131119,223.9
-130982,224.63
-130760,228.0
-130542,223.5
-130026,232.28
-129778,228.9
-129505,240.4
-129379,245.0
-129372,241.13
-128868,250.84
-128423,251.84
-127786,259.0
-127706,260.61
-127702,257.9
-127390,263.4
-127196,264.1
-127128,268.44
-126928,271.08
-126916,282.6
-126659,286.8
-126517,285.76
-126422,287.1
-126394,274.0
-126223,280.72
-126074,276.03
-125957,275.6
-125672,275.3
-125554,276.88
-125364,275.78
-125182,262.6
-125012,274.93
-124936,262.5
-124750,273.02
-124648,267.1
-124397,273.7
-124064,275.15
-123484,277.1
-123343,276.81
-123312,273.0
-123131,279.7
-122867,275.52
-122839,266.3
-122455,281.54
-122307,266.6
-122263,268.7
-122009,275.87
-121681,274.6
-121120,276.4
-121064,279.16
-120394,272.1
-120342,279.0
-120150,278.25
-119892,276.61
-119476,279.48
-119067,277.6
-118593,276.82
-118432,265.2
-118194,268.73
-117766,274.59
-117722,271.9
-117293,267.74
-116708,277.72
-116699,273.7
-115800,267.6
-115669,274.98
-115236,274.03
-114551,262.5
-114526,273.63
-113959,273.16
-113497,276.96
-113168,273.2
-112865,275.07
-112651,274.5
-112300,267.9
-112146,261.4
-111729,260.58
-111312,266.3
-111169,264.75
-110992,263.12
-110686,256.79
-109927,257.93
-109912,256.7
-108605,246.69
-107890,244.13
-107854,251.2
-107179,244.44
-106452,236.43
-106203,245.6
-105629,238.2
-105025,240.34
-104418,244.83
-104306,241.4
-104040,257.58
-103686,230.6
-103557,248.78
-103016,242.36
-102754,236.9
-102381,238.88
-102324,247.76
-101515,228.1
-101359,240.68
-100815,237.07
-100022,240.07
-99799,236.9
-99376,244.76
-98887,230.8
-98593,247.87
-98127,245.63
-97899,225.8
-97411,242.99
-96634,243.18
-95977,239.86
-95321,242.35
-94525,245.76
-93971,246.2
-93284,242.91
-92619,242.41
-92403,232.0
-91873,238.21
-91475,235.16
-90718,232.46
-90000,233.74
-89495,231.12
-89299,228.3
-88884,231.56
-88407,224.2
-88367,229.74
-87746,228.88
-87295,227.38
-86751,223.99
-86186,217.8
-85967,208.0
-85631,223.63
-85078,221.06
-84548,223.38
-84231,217.0
-83941,228.76
-83417,234.69
-83070,214.2
-82987,238.42
-82407,243.16
-82066,228.0
-81991,250.79
-81604,247.1
-81383,236.4
-81038,246.32
-80577,240.87
-80467,241.1
-80119,238.89
-79761,234.13
-79257,230.33
-78772,233.92
-78664,230.9
-78380,230.6
-77928,234.74
-77460,229.26
-77020,227.3
-76558,224.14
-76233,221.7
-76131,226.65
-75666,224.92
-75200,217.1
-75106,231.68
-74747,238.01
-74297,239.34
-73901,249.94
-73595,249.52
-73118,243.27
-72576,241.24
-72271,231.33
-71801,232.74
-71277,229.1
-71269,230.89
-70916,232.33
-70540,232.79
-70143,239.46
-69744,237.56
-69329,235.02
-69099,227.3
-68979,225.17
-68477,220.33
-68102,215.55
-67642,211.26
-67132,205.42
-66670,203.43
-66196,200.17
-65780,203.76
-65365,201.14
-65010,207.21
-64489,204.39
-63989,194.9
-63987,200.59
-63815,198.17
-63596,208.98
-63097,199.17
-62989,191.4
-62917,201.67
-62707,203.7
-62164,199.73
-61947,197.24
-61606,197.4
-61011,200.15
-60909,195.3
-60825,202.71
-60602,202.56
-59951,206.38
-59604,210.9
-59285,210.57
-59111,207.95
-58868,213.78
-58567,217.25
-58423,212.87
-58160,216.66
-57783,223.45
-57430,226.35
-57155,231.29
-56483,223.15
-56267,224.35
-55894,223.72
-55707,210.4
-55526,217.38
-55261,215.7
-55138,221.7
-54554,212.44
-54287,207.67
-53960,210.27
-53603,214.78
-53343,208.19
-53064,216.86
-52745,213.89
-52437,217.96
-52207,220.37
-51856,221.14
-51450,223.26
-51158,223.72
-50851,221.15
-50624,220.72
-50435,219.08
-50432,190.4
-50137,213.82
-49830,215.08
-49481,211.57
-49079,207.64
-48713,215.7
-48577,207.41
-48271,206.74
-48057,204.38
-47778,203.87
-47740,210.1
-47513,204.06
-47353,200.12
-47038,201.58
-46904,188.4
-46478,200.98
-46273,206.18
-45994,205.66
-45760,203.79
-45574,204.26
-45386,189.3
-45365,207.6
-45136,210.27
-44938,210.84
-44796,214.18
-44686,216.42
-44359,218.35
-44231,219.25
-44107,221.77
-43927,222.72
-43746,217.51
-43510,214.5
-43330,213.92
-43192,207.95
-43046,211.49
-42866,210.44
-42706,212.29
-42540,204.83
-42400,206.22
-42254,202.0
-42145,204.31
-41859,201.69
-41711,203.18
-41566,204.22
-41550,209.1
-41401,201.66
-41222,203.16
-41018,204.26
-40900,206.35
-40678,204.83
-40366,200.9
-39951,199.89
-39809,201.12
-39656,205.49
-39354,204.19
-39218,201.53
-38957,200.97
-38804,200.47
-38603,201.48
-38536,201.32
-38358,197.9
-38195,193.69
-38162,193.08
-38093,192.6
-37950,197.55
-37935,193.87
-37807,193.58
-37759,196.67
-37671,195.7
-37565,200.4
-37504,198.14
-37453,191.53
-37429,204.78
-37390,207.87
-37370,209.33
-37353,209.5
-37316,208.69
-37170,207.32
-37104,204.28
-37027,202.34
-37006,205.99
-36925,205.65
-36863,206.09
-36773,206.54
-36721,204.46
-36672,204.79
-36624,208.23
-36583,210.08
-36523,207.23
-36463,210.79
-36409,208.0
-36334,207.41
-36242,206.52
-36216,208.34
-36138,214.36
-36050,211.21
-35945,214.21
-35827,212.09
-35698,212.14
-35669,214.3
-35521,209.1
-35511,209.84
-35481,212.51
-35388,206.59
-35352,209.66
-35346,208.25
-35193,207.35
-35169,210.16
-35073,206.36
-34990,203.51
-34870,202.76
-34763,203.75
-34720,203.77
-34642,205.1
-34556,198.96
-34312,200.09
-34223,201.78
-34136,204.12
-33998,198.8
-33905,203.29
-33752,200.5
-33722,201.81
-33618,201.83
-33581,201.89
-33558,202.04
-33547,201.06
-33496,200.3
-33433,201.36
-33409,203.62
-33387,204.47
-33332,205.38
-33216,203.6
-33140,198.78
-33059,205.3
-32917,203.09
-32876,202.8
-32761,197.16
-32698,198.89
-32670,200.29
-32653,199.49
-32607,199.65
-32384,196.2
-32363,196.27
-32301,195.79
-32240,194.89
-32114,195.93
-32042,195.41
-32007,196.47
-31976,194.47
-31958,194.46
-31936,195.27
-31891,195.63
-31808,200.03
-31605,197.8
-31541,197.13
-31468,196.9
-31198,197.65
-31059,196.33
-30931,196.7
-30863,199.3
-30764,195.94
-30728,195.08
-30645,194.43
-30561,194.61
-30485,194.11
-30411,195.25
-30358,192.47
-30201,196.91
-30198,196.42
-30130,193.91
-30077,193.33
-29984,192.51
-29868,192.93
-29842,193.71
-29574,189.95
-29406,188.48
-29155,188.0
-28826,190.33
-28763,187.14
-28579,182.94
-28450,184.3
-28363,185.99
-28328,186.52
-28232,188.48
-28152,188.25
-28070,191.7
-28049,191.57
-28002,191.38
-27888,190.97
-27793,191.28
-27731,189.77
-27659,189.24
-27460,189.21
-27416,189.83
-27374,191.01
-27300,192.39
-27255,188.1
-27201,192.26
-27113,188.5
-27059,192.87
-26999,193.26
-26953,192.69
-26892,193.89
-26774,193.8
-26676,192.82
-26627,193.1
-26477,189.65
-26464,189.16
-26420,192.63
-26322,191.59
-26264,191.82
-26147,189.96
-26023,189.29
-25977,188.99
-25935,189.28
-25916,190.58
-25871,187.59
-25769,189.3
-25764,190.61
-25737,192.71
-25711,191.46
-25636,191.95
-25600,191.53
-25553,191.23
-25492,191.95
-25330,190.06
-25220,194.93
-25135,186.27
-25092,187.39
-25005,188.08
-24908,186.43
-24754,185.44
-24587,185.51
-24511,186.01
-24365,183.77
-24304,184.57
-24066,184.52
-24044,191.6
-23836,186.54
-23594,183.38
-23401,182.66
-23214,180.69
-22694,180.57
-22320,186.73
-22128,184.68
-21924,183.13
-21650,187.99
-21495,186.78
-21408,193.53
-21327,197.67
-21235,188.6
-21157,190.08
-21064,190.53
-21044,189.4
-20884,186.13
-20877,189.2
-20799,190.01
-20701,188.49
-20654,185.21
-20600,184.68
-20398,187.02
-20342,187.22
-20281,191.27
-20106,187.38
-20065,184.4
-19964,190.78
-19904,185.7
-19841,187.96
-19613,185.23
-19557,186.1
-19395,187.24
-19307,184.7
-19263,190.05
-19118,188.4
-19061,186.5
-19014,190.87
-18878,192.66
-18798,186.9
-18716,187.76
-18587,193.93
-18552,187.8
-18458,189.99
-18263,190.47
-18247,195.0
-18218,188.2
-18069,193.72
-18038,188.0
-17934,196.06
-17841,193.6
-17798,190.0
-17679,191.42
-17618,188.95
-17559,188.8
-17493,191.52
-17397,188.7
-17332,191.58
-17203,191.09
-17044,192.71
-16971,188.3
-16918,192.3
-16917,188.5
-16885,188.44
-16878,189.4
-16854,192.97
-16797,191.27
-16727,193.9
-16633,188.57
-16591,188.6
-16570,187.67
-16537,187.09
-16508,187.45
-16472,188.47
-16441,188.21
-16410,188.73
-16374,187.12
-16346,189.03
-16335,187.0
-16315,188.52
-16282,188.88
-16252,185.65
-16223,189.01
-16190,184.88
-16161,188.59
-16132,188.64
-16100,187.73
-16074,187.79
-16042,188.96
-16016,188.66
-15993,189.2
-15986,188.54
-15957,191.72
-15931,190.26
-15905,189.52
-15875,191.21
-15859,188.5
-15848,187.25
-15820,191.7
-15794,190.41
-15767,189.52
-15741,191.52
-15715,194.38
-15688,193.21
-15662,195.79
-15636,196.96
-15615,188.5
-15611,192.62
-15585,192.37
-15561,191.59
-15535,191.48
-15511,193.0
-15485,190.76
-15460,191.89
-15435,193.02
-15425,191.0
-15410,190.5
-15362,194.65
-15338,195.88
-15286,198.29
-15214,198.63
-15161,193.9
-15142,202.1
-15045,204.32
-14979,202.93
-14920,195.2
-14919,205.19
-14848,205.53
-14784,210.25
-14709,200.8
-14706,213.15
-14640,208.46
-14604,208.65
-14560,207.95
-14522,213.94
-14508,217.19
-14502,202.9
-14481,211.79
-14461,212.95
-14442,209.51
-14425,211.21
-14404,214.83
-14387,212.43
-14367,214.6
-14347,212.84
-14329,214.22
-14311,218.56
-14310,207.7
-14291,220.49
-14273,223.24
-14259,227.32
-14237,221.49
-14217,226.19
-14201,224.86
-14164,222.41
-14133,224.24
-14123,207.5
-14084,224.48
-14065,222.39
-14049,224.41
-14045,223.72
-13987,223.77
-13970,223.51
-13936,214.0
-13895,222.36
-13818,224.86
-13792,219.4
-13755,222.16
-13699,222.76
-13620,220.9
-13596,223.53
-13513,223.27
-13488,221.0
-13460,224.74
-13433,225.39
-13395,228.92
-13371,227.64
-13331,225.77
-13293,228.27
-13283,222.0
-13269,230.18
-13231,227.84
-13207,228.81
-13184,229.67
-13146,234.47
-13123,228.99
-13085,225.38
-13062,224.5
-13061,228.37
-13037,227.65
-13026,229.79
-13004,228.89
-12979,228.47
-12966,228.36
-12954,228.72
-12942,230.63
-12940,225.2
-12931,227.85
-12919,232.22
-12908,233.17
-12895,227.87
-12885,228.4
-12872,226.51
-12861,227.58
-12849,228.5
-12838,227.79
-12826,227.39
-12813,224.64
-12809,227.9
-12793,231.48
-12781,234.54
-12775,226.1
-12768,230.53
-12757,228.18
-12747,228.91
-12736,237.49
-12725,234.34
-12714,233.42
-12702,234.62
-12695,238.12
-12680,240.1
-12669,237.97
-12656,237.59
-12645,235.31
-12636,237.97
-12626,239.77
-12614,239.86
-12603,241.73
-12600,228.4
-12592,235.83
-12581,243.17
-12571,241.14
-12547,242.06
-12514,238.61
-12493,240.95
-12472,242.6
-12461,242.55
-12425,240.33
-12404,238.39
-12393,242.08
-12359,235.8
-12353,228.5
-12349,239.04
-12323,240.21
-12287,236.6
-12256,238.36
-12230,239.36
-12207,239.24
-12170,236.4
-12134,232.88
-12110,241.27
-12073,237.87
-12052,235.92
-11998,239.1
-11990,240.57
-11922,237.95
-11877,239.08
-11854,238.6
-11809,241.11
-11763,241.59
-11703,238.6
-11695,238.55
-11651,243.86
-11592,239.2
-11582,235.83
-11537,240.25
-11490,236.4
-11468,237.83
-11354,236.86
-11317,240.42
-11291,237.6
-11266,239.41
-11223,236.91
-11178,234.82
-11140,237.9
-11138,241.56
-11117,237.91
-11094,238.86
-11072,234.68
-11051,239.42
-11031,237.15
-11010,240.71
-10992,237.3
-10989,238.18
-10967,238.79
-10943,239.44
-10924,241.24
-10903,239.35
-10880,242.15
-10859,242.23
-10836,241.5
-10813,240.02
-10810,238.3
-10790,247.3
-10770,241.59
-10747,244.24
-10724,242.53
-10704,243.95
-10692,234.2
-10680,246.94
-10658,248.09
-10637,247.02
-10615,244.27
-10594,249.92
-10571,246.74
-10546,244.42
-10546,237.6
-10525,246.18
-10505,245.83
-10482,247.67
-10459,246.4
-10438,243.0
-10421,237.5
-10415,244.31
-10393,246.97
-10371,250.73
-10351,248.92
-10331,249.38
-10306,248.95
-10283,249.23
-10261,249.65
-10240,250.97
-10218,251.42
-10196,251.14
-10175,253.02
-10172,240.3
-10155,255.66
-10130,251.03
-10109,253.1
-10100,243.2
-10087,248.41
-10066,247.85
-10041,255.39
-10020,253.99
-10008,246.6
-9998,248.92
-9977,258.57
-9955,255.9
-9946,245.3
-9933,251.56
-9913,253.63
-9893,254.31
-9870,257.17
-9869,245.3
-9853,258.53
-9831,258.25
-9809,258.74
-9791,255.89
-9777,250.7
-9770,256.04
-9751,253.99
-9733,254.62
-9726,251.1
-9715,247.55
-9698,257.13
-9685,249.7
-9679,266.22
-9661,261.3
-9642,260.7
-9630,250.7
-9626,267.09
-9610,262.74
-9594,266.9
-9574,269.51
-9557,267.66
-9540,267.17
-9523,269.1
-9519,253.8
-9503,268.87
-9486,253.9
-9486,270.14
-9467,264.48
-9450,268.16
-9442,255.4
-9433,264.84
-9389,264.81
-9388,260.8
-9367,264.1
-9328,258.8
-9307,264.4
-9286,265.2
-9251,263.0
-9251,265.3
-9236,265.0
-9211,264.8
-9186,264.0
-9140,264.8
-9137,264.5
-9064,264.2
-9004,267.6
-8983,264.1
-8945,264.4
-8886,265.1
-8877,265.3
-8855,265.0
-8852,266.0
-8794,264.8
-8730,266.9
-8671,264.8
-8577,267.6
-8556,267.5
-8467,265.1
-8417,264.9
-8350,265.7
-8344,266.0
-8259,266.9
-8243,263.4
-8184,264.0
-8138,267.5
-8043,264.2
-8033,264.9
-7959,265.7
-7951,264.4
-7857,263.4
-7771,264.0
-7647,264.2
-7623,263.8
-7606,263.0
-7586,264.4
-7574,260.9
-7568,260.6
-7487,265.2
-7411,263.8
-7367,263.8
-7345,263.7
-7282,263.0
-7193,262.0
-7190,260.9
-7142,260.6
-7110,259.3
-7043,260.4
-7023,265.2
-6962,260.9
-6919,263.8
-6834,263.7
-6831,259.0
-6761,261.8
-6703,262.0
-6629,259.3
-6597,260.7
-6527,260.4
-6510,261.3
-6437,260.9
-6402,258.3
-6331,259.0
-6245,259.3
-6231,261.8
-6166,259.6
-6100,260.7
-6040,261.3
-6026,260.8
-5976,259.2
-5926,258.3
-5910,259.7
-5831,259.3
-5770,260.4
-5741,259.6
-5711,260.1
-5640,260.8
-5557,259.2
-5548,258.4
-5463,259.7
-5455,260.7
-5370,260.4
-5324,263.0
-5284,260.1
-5238,262.3
-5162,258.4
-5088,257.6
-5078,260.7
-5020,258.1
-4991,263.0
-4930,262.9
-4888,262.3
-4820,262.1
-4763,257.6
-4733,259.4
-4667,258.1
-4622,261.1
-4595,262.9
-4484,262.1
-4451,261.2
-4404,259.4
-4387,262.7
-4352,263.2
-4313,261.1
-4181,261.2
-4140,265.5
-4089,262.7
-4049,266.7
-4048,263.2
-3984,260.7
-3905,265.5
-3902,265.5
-3808,265.9
-3766,266.7
-3707,260.7
-3631,267.6
-3612,265.5
-3583,265.2
-3526,265.9
-3420,267.6
-3408,265.3
-3361,267.6
-3324,265.2
-3269,269.8
-3210,265.3
-3144,267.6
-3137,268.6
-3054,269.8
-3032,269.3
-2971,270.7
-2924,268.6
-2823,271.5
-2816,269.3
-2753,270.7
-2697,269.8
-2643,269.1
-2623,271.5
-2544,271.1
-2530,269.8
-2424,269.1
-2393,271.5
-2374,271.1
-2325,272.8
-2256,271.6
-2211,271.5
-2159,271.7
-2146,272.8
-2054,271.6
-2019,274.9
-1960,271.7
-1906,275.4
-1857,271.5
-1840,274.9
-1771,275.4
-1743,273.0
-1694,273.4
-1672,271.5
-1578,275.0
-1573,273.0
-1503,273.4
-1481,274.0
-1386,275.0
-1334,273.1
-1306,276.3
-1265,274.0
-1166,273.1
-1107,274.6
-1103,276.3
-999,276.3
-955,274.7
-952,274.6
-856,276.3
-852,275.3
-778,274.7
-758,278.9
-678,273.9
-654,275.3
-586,278.9
-576,277.9
-483,273.9
-464,277.6
-384,277.9
-316,276.7
-284,276.7
-262,277.6
-178,276.7
-143,276.9
-107,276.7
-50,278.0
1,276.7
19,276.9
30,277.9
56,277.4
104,277.5
136,278.1
138,278.0
154,278.07
175,277.56
217,278.7
241,280.25
266,278.31
274,280.24
296,280.91
312,278.9
318,281.69
357,277.8
384,277.25
398,280.0
406,279.13
437,280.0
488,277.11
497,279.2
518,276.79
552,276.56
557,278.46
582,276.2
600,277.4
615,277.87
637,279.59
669,278.45
701,277.1
717,278.7
730,279.99
762,279.29
793,279.72
797,277.7
822,278.62
875,279.42
890,279.1
914,280.11
958,277.41
983,278.74
1000,276.6
1018,279.8
1019,280.06
1040,280.92
1049,280.97
1070,282.84
1073,278.4
1099,283.09
1116,282.84
1146,284.51
1166,283.97
1196,280.1
1200,284.54
1211,283.69
1251,282.41
1260,282.2
1278,282.2
1278,278.43
1307,281.58
1330,284.07
1349,278.36
1390,280.91
1391,281.1
1411,279.7
1429,279.73
1449,282.23
1465,277.7
1469,280.31
1502,283.12
1530,283.95
1546,281.9
1550,283.53
1555,279.1
1560,281.83
1573,282.57
1588,281.11
1591,279.36
1603,275.07
1609,271.11
1629,273.78
1640,276.69
1649,278.02
1671,277.9
1682,274.9
1682,276.66
1690,276.32
1694,277.36
1723,277.01
1723,278.27
1734,278.31
1741,276.81
1749,277.6
1752,278.0
1752,276.46
1763,277.16
1764,276.4
1773,277.86
1779,280.24
1780,273.07
1794,281.62
1796,282.3
1796,280.4
1799,282.8
1813,280.4
1814,284.43
1825,281.36
1827,285.91
1833,285.09
1833,283.82
1837,284.15
1841,283.65
1843,281.58
1844,283.53
1845,283.18
1846,283.62
1847,286.84
1850,284.0
1851,288.79
1851,285.47
1854,288.05
1855,285.57
1857,283.16
1859,286.63
1862,287.17
1863,285.35
1864,286.65
1867,285.05
1868,287.99
1868,289.54
1870,287.99
1870,286.33
1873,286.66
1874,291.56
1877,289.33
1880,287.77
1883,292.46
1884,289.76
1884,289.23
1886,288.12
1887,294.34
1889,292.34
1890,290.92
1892,295.17
1893,295.32
1893,294.86
1894,293.17
1894,293.81
1899,297.05
1899,295.28
1900,294.22
1902,295.61
1904,295.99
1905,299.02
1906,297.33
1906,299.63
1909,301.5
1910,297.87
1911,298.11
1911,297.73
1911,299.26
1913,301.3
1914,300.7
1916,301.92
1918,303.85
1919,304.61
1920,301.88
1923,306.2
1923,303.18
1925,304.97
1925,304.72
1928,308.02
1928,305.67
1929,305.71
1929,305.78
1929,305.38
1931,305.74
1932,308.26
1933,308.28
1933,305.94
1934,307.08
1934,309.63
1935,306.32
1936,309.34
1936,307.26
1937,307.41
1938,308.48
1938,311.52
1938,311.94
1938,312.33
1939,310.46
1939,311.21
1940,310.95
1940,309.8
1941,311.8
1941,307.74
1942,311.88
1942,312.84
1942,312.39
1944,312.36
1945,310.22
1945,311.28
1945,310.44
1945,311.81
1946,311.97
1946,312.56
1947,312.87
1947,310.36
1948,311.57
1949,309.69
1950,313.66
1950,312.0
1952,312.18
1954,312.22
1954,312.8
1954,313.17
1955,314.71
1956,315.34
1957,314.44
1957,316.33
1957,315.27
1958,314.57
1958,316.1
1959,311.98
1959,315.98
1959,316.33
1960,316.91
1960,313.09
1961,318.21
1961,317.64
1962,316.59
1962,317.52
1962,319.14
1962,318.45
1963,318.99
1963,319.07
1963,318.61
1963,317.45
1964,319.12
1964,319.62
1965,319.2
1965,319.89
1965,320.04
1966,320.98
1966,321.37
1967,322.18
1967,322.17
1967,320.49
1968,323.05
1969,324.62
1969,324.09
1969,325.08
1969,324.71
1969,320.38
1970,325.68
1970,324.56
1971,326.32
1971,324.91
1971,326.65
1971,326.31
1972,327.46
1972,330.35
1972,328.42
1973,329.68
1974,330.19
1974,331.55
1975,331.13
1976,332.03
1976,332.37
1977,335.55
1977,333.84
1977,332.37
1978,335.41
1979,336.84
1979,334.85
1980,338.76
1981,340.12
1982,341.48
1983,343.15
1983,339.46
1983,341.33
1984,344.87
1985,342.05
1985,346.35
1986,343.97
1986,343.11
1986,347.61
1987,349.31
1987,344.72
1987,345.44
1988,351.69
1988,347.6
1989,349.8
1989,349.28
1989,353.2
1990,354.45
1990,350.81
1991,352.42
1991,355.7
1992,353.72
1992,356.54
1993,357.21
1993,353.95
1994,357.11
1994,358.96
1995,360.97
1996,362.74
1996,359.65
1997,363.88
1998,366.84
1998,361.78
1999,368.54
2000,369.71
2001,371.32
2001,368.02
2002,373.45
2003,375.98
2004,377.7
2005,379.98
2006,382.09
2007,384.02
2008,385.83
2009,387.64
2010,390.1
2011,391.85
2012,394.06
2013,396.74
2014,398.81
2015,401.01
2016,404.41
2017,406.76
2018,408.72
2019,411.65
2020,414.21
2021,416.41
2022,418.53
